Player,Pos,Age,Tm,G,GS,MP,FG,FGA,FG%,3P,3PA,3P%,2P,2PA,2P%,eFG%,FT,FTA,FT%,ORB,DRB,TRB,AST,STL,BLK,TOV,PF,PS/G
Alex Abrines\abrinal01,SG,24,OKC,19,0,15.2,1.4,3.7,0.371,0.8,2.5,0.319,0.6,1.2,0.478,0.479,0.5,0.6,0.818,0.4,1.1,1.4,0.4,0.5,0.1,0.4,1.7,4
Quincy Acy\acyqu01,PF,27,BRK,16,0,18.4,1.6,4.8,0.329,1.3,3.8,0.333,0.3,1,0.313,0.461,1.1,1.4,0.818,0.6,3.7,4.3,0.8,0.4,0.2,1.1,2.3,5.5
Steven Adams\adamsst01,C,24,OKC,17,17,31.1,5.1,8.4,0.613,0,0,,5.1,8.4,0.613,0.613,1.8,2.6,0.682,4.4,3.8,8.1,0.8,1.4,1.2,1.8,2.6,12
Bam Adebayo\adebaba01,C,20,MIA,12,4,14.3,2,3.2,0.632,0,0,,2,3.2,0.632,0.632,1.3,1.7,0.75,1.3,2.6,3.9,0.2,0.5,0.4,0.5,1.3,5.3
Arron Afflalo\afflaar01,SG,32,ORL,16,0,11.3,0.6,2.1,0.303,0.3,1.1,0.294,0.3,1,0.313,0.379,0.3,0.5,0.625,0.1,1.5,1.6,0.6,0.1,0.2,0.4,1,1.9
Cole Aldrich\aldrico01,C,29,MIN,5,0,2,0,0.4,0,0,0,,0,0.4,0,0,0.2,0.4,0.5,0,0.2,0.2,0.2,0.2,0,0,0.4,0.2
LaMarcus Aldridge\aldrila01,PF,32,SAS,21,21,33.3,9,17.3,0.521,0.6,1.6,0.364,8.4,15.7,0.536,0.537,4.5,5.4,0.833,3.1,5,8.2,2.3,0.6,1.3,1.5,2.3,23.1
Jarrett Allen\allenja01,C,19,BRK,13,0,15.4,1.7,3.5,0.478,0,0.1,0,1.7,3.5,0.489,0.478,0.8,1.2,0.688,1.3,2.5,3.8,0.5,0.7,0.7,0.5,1.6,4.2
Tony Allen\allento01,SG,36,NOP,17,0,13.6,2.2,4.6,0.487,0.2,0.6,0.273,2.1,3.9,0.522,0.506,0.4,0.8,0.462,0.9,1.5,2.5,0.5,0.6,0.2,1,2.2,5
Al-Farouq Aminu\aminual01,PF,27,POR,8,8,30.1,3.3,7.5,0.433,1.6,3.8,0.433,1.6,3.8,0.433,0.542,1.3,1.5,0.833,1.8,6.4,8.1,1.8,0.9,1.3,0.8,1.8,9.4
Justin Anderson\anderju01,SF,24,PHI,10,0,12.6,1.8,4.8,0.375,0.9,2.6,0.346,0.9,2.2,0.409,0.469,0.5,0.7,0.714,1,1.7,2.7,0.3,0.3,0.1,0.4,1.9,5
Kyle Anderson\anderky01,SF,24,SAS,21,21,27.9,3.6,7.1,0.51,0.1,0.5,0.3,3.5,6.6,0.525,0.52,1.9,2.4,0.765,1.5,4.7,6.2,3.1,1.2,0.9,1.2,1.5,9.2
Ryan Anderson\anderry01,PF,29,HOU,20,19,30,4.3,9.4,0.46,3,7.3,0.411,1.3,2.1,0.634,0.62,1.1,1.4,0.815,1.4,4.4,5.8,0.7,0.3,0.5,0.9,2,12.7
Ike Anigbogu\anigbik01,C,19,IND,6,0,2.8,0.2,0.8,0.2,0,0,,0.2,0.8,0.2,0.2,0.3,0.3,1,0.3,0.3,0.7,0,0.2,0.2,0.3,0.2,0.7
Giannis Antetokounmpo\antetgi01,PF,23,MIL,18,18,37.3,11.3,20.2,0.558,0.5,1.8,0.281,10.8,18.4,0.584,0.57,6.6,8.7,0.758,1.9,8.2,10.2,4.4,1.7,1.7,2.9,3.6,29.7
Carmelo Anthony\anthoca01,SF,33,OKC,19,19,32.5,7,16.7,0.418,2.4,6.6,0.368,4.6,10.2,0.451,0.491,3.3,4.1,0.805,0.8,5.4,6.2,1.6,0.9,0.7,1.7,2.9,19.7
OG Anunoby\anunoog01,SF,20,TOR,20,8,18.8,2.4,4.8,0.495,1.1,2.7,0.396,1.3,2.1,0.619,0.605,0.7,1.1,0.619,0.6,1.5,2.1,1,0.9,0.1,0.4,1.9,6.4
Ryan Arcidiacono\arcidry01,PG,23,CHI,1,0,5,0,2,0,0,2,0,0,0,,0,0,0,,0,0,0,1,0,0,0,1,0
Trevor Ariza\arizatr01,SF,32,HOU,19,19,34.2,4.1,9.4,0.433,2.7,7.1,0.385,1.3,2.3,0.581,0.579,1,1.1,0.905,0.6,3.9,4.6,2.2,1.5,0.2,1.1,1.9,11.8
Darrell Arthur\arthuda01,PF,29,DEN,2,0,9.5,0.5,3,0.167,0,2,0,0.5,1,0.5,0.167,0,0,,0.5,1,1.5,0.5,0.5,0,0.5,1,1
Omer Asik\asikom01,C,31,NOP,1,0,11,3,5,0.6,0,0,,3,5,0.6,0.6,0,0,,1,0,1,0,0,0,0,2,6
D.J. Augustin\augusdj01,PG,30,ORL,15,6,20.1,2.7,5.3,0.5,1,2.3,0.429,1.7,3,0.556,0.594,1.9,2.4,0.806,0.2,1.5,1.7,3.9,0.8,0,1.5,1.6,8.3
Luke Babbitt\babbilu01,SF,28,ATL,17,8,19.6,2.9,6.1,0.471,1.7,3.9,0.433,1.2,2.2,0.541,0.611,0.3,0.5,0.625,0.2,2.5,2.7,0.8,0.4,0.2,0.8,1.8,7.8
Dwayne Bacon\bacondw01,SG,22,CHO,20,6,19.1,1.8,4.9,0.367,0.5,1.5,0.345,1.3,3.5,0.377,0.418,0.4,0.6,0.727,0.1,3.7,3.8,1,0.3,0.1,0.7,1.6,4.5
Ron Baker\bakerro01,SG,24,NYK,5,0,11.4,0.6,1.8,0.333,0.4,0.6,0.667,0.2,1.2,0.167,0.444,1,2,0.5,0,0.8,0.8,2.8,1.2,0,1.4,0.8,2.6
Lonzo Ball\balllo01,PG,20,LAL,21,21,33.4,3.5,11.2,0.315,1.3,5,0.257,2.2,6.2,0.362,0.372,0.7,1.4,0.467,1.4,5.7,7,7.2,1.4,0.8,2.6,2.1,9
J.J. Barea\bareajo01,PG,33,DAL,22,1,22.1,4.4,10.4,0.421,1.9,5,0.378,2.5,5.3,0.462,0.513,1.4,1.8,0.769,0.3,2.6,3,5,0.5,0,2,1.5,12
Harrison Barnes\barneha02,PF,25,DAL,22,22,35.4,6.7,15.2,0.439,1.2,3.8,0.321,5.5,11.4,0.478,0.479,4.2,5,0.829,1.2,6.2,7.4,2,0.7,0.1,2,1.7,18.8
Will Barton\bartowi01,SG,27,DEN,20,4,29.3,5.3,11.4,0.463,1.9,4.7,0.409,3.4,6.7,0.5,0.546,2,2.9,0.672,0.9,4.3,5.2,2.9,1,0.4,1.8,1.8,14.4
Nicolas Batum\batumni01,SG,29,CHO,7,7,26.3,3.6,9.6,0.373,0.9,4,0.214,2.7,5.6,0.487,0.418,2.1,2.3,0.938,0.4,2.9,3.3,3.7,0.9,0.3,1.6,1,10.1
Jerryd Bayless\bayleje01,SG,29,PHI,14,7,27.8,3.4,7.4,0.452,1.5,4,0.375,1.9,3.4,0.542,0.553,1.5,1.9,0.778,0.2,2,2.2,1.9,0.7,0.2,1.3,2.3,9.7
Aron Baynes\baynear01,C,31,BOS,22,11,18.2,2.4,5,0.486,0,0.1,0,2.4,4.8,0.5,0.486,1,1.5,0.636,2.1,3.5,5.5,0.9,0.4,0.6,1,2.1,5.8
Kent Bazemore\bazemke01,SG,28,ATL,20,20,28.3,4.2,10.7,0.393,1.4,3.9,0.351,2.9,6.9,0.416,0.456,3,3.8,0.787,0.5,4,4.4,3.5,1.8,0.5,2.3,2.2,12.7
Bradley Beal\bealbr01,SG,24,WAS,21,21,34.8,8.1,17.7,0.46,2.3,6,0.381,5.9,11.7,0.5,0.524,4.7,5.7,0.817,0.9,3.6,4.5,3.5,1.2,0.5,2.6,1.9,23.2
Malik Beasley\beaslma01,SG,21,DEN,19,0,8.4,1.1,2.6,0.429,0.4,1.2,0.318,0.7,1.4,0.519,0.5,0.3,0.6,0.545,0.3,1.2,1.5,0.5,0.2,0,0.4,0.6,2.9
Michael Beasley\beaslmi01,PF,29,NYK,15,2,14.4,3.1,6.1,0.511,0,0.6,0,3.1,5.5,0.566,0.511,0.8,1.3,0.6,1,2.5,3.5,0.9,0.1,0.4,1.7,1.2,7.1
Marco Belinelli\belinma01,SG,31,ATL,20,0,25.8,4.2,10.1,0.418,2.2,5.3,0.41,2.1,4.8,0.427,0.525,1.6,1.7,0.939,0.2,2,2.2,2.5,1.3,0,1,0.9,12.1
Jordan Bell\belljo01,C,23,GSW,16,1,9.5,1.7,2.3,0.73,0,0,,1.7,2.3,0.73,0.73,0.1,0.1,0.5,1,1.9,2.9,1,0.6,0.9,0.7,1.6,3.4
DeAndre' Bembry\bembrde01,SF,23,ATL,6,0,12.8,1.2,4,0.292,0.2,1,0.167,1,3,0.333,0.313,0.3,0.7,0.5,0.2,2.2,2.3,1.2,0.7,0.5,1.3,0.8,2.8
Dragan Bender\bendedr01,PF,20,PHO,23,1,21.3,1.9,5,0.386,1.2,3.2,0.365,0.7,1.7,0.425,0.504,0.5,0.7,0.75,0.4,3.3,3.7,1,0.3,0.6,1.1,1.7,5.5
Davis Bertans\bertada01,PF,25,SAS,17,0,6.4,0.8,1.9,0.424,0.6,1.6,0.393,0.2,0.3,0.6,0.591,0.4,0.5,0.75,0,0.8,0.8,0.4,0.1,0.1,0.3,0.6,2.6
Patrick Beverley\beverpa01,SG,29,LAC,11,11,30.4,4.4,10.8,0.403,2.2,5.5,0.4,2.2,5.4,0.407,0.504,1.3,1.5,0.824,1.5,2.6,4.1,2.9,1.7,0.5,2.3,3.1,12.2
Khem Birch\birchkh01,C,25,ORL,2,0,3,0.5,1.5,0.333,0,0,,0.5,1.5,0.333,0.333,0,0,,1,0,1,0.5,0,0,0,1.5,1
Jabari Bird\birdja01,SG,23,BOS,2,0,8,0,0.5,0,0,0.5,0,0,0,,0,1.5,2.5,0.6,0,0.5,0.5,0,0,0,0,0.5,1.5
Bismack Biyombo\biyombi01,C,25,ORL,22,0,15.7,1.6,3.4,0.486,0,0,0,1.6,3.3,0.493,0.486,1,1.8,0.55,1.4,3.1,4.5,0.3,0.1,1.3,1.1,2.1,4.3
Nemanja Bjelica\bjeline01,PF,29,MIN,18,0,15.3,2.7,4.6,0.578,1.2,2.3,0.512,1.5,2.3,0.643,0.705,0.6,0.7,0.917,0.4,2.4,2.8,0.7,0.6,0.2,0.7,1.7,7.1
Tarik Black\blackta01,C,26,HOU,16,0,9.3,1.4,2.5,0.55,0,0.4,0,1.4,2.1,0.647,0.55,0.7,1,0.688,1.1,2.1,3.1,0.4,0.4,0.6,0.6,2.1,3.4
Antonio Blakeney\blakean01,SG,21,CHI,9,0,16.1,3,8,0.375,0.8,2.8,0.28,2.2,5.2,0.426,0.424,1.3,1.9,0.706,0.3,1.7,2,0.7,0.2,0,0.7,0.7,8.1
Eric Bledsoe\bledser01,PG,28,TOT,12,12,29.8,5.6,13.4,0.416,1.2,4.3,0.275,4.4,9.2,0.482,0.46,3.4,4.8,0.707,0.9,2.9,3.8,4.6,1.9,0.8,3,2.2,15.8
Eric Bledsoe\bledser01,PG,28,PHO,3,3,27.7,5.3,13.3,0.4,1.3,4.3,0.308,4,9,0.444,0.45,3.7,4.7,0.786,1,1.3,2.3,3,1.3,0.7,3.3,2,15.7
Eric Bledsoe\bledser01,PG,28,MIL,9,9,30.4,5.7,13.4,0.421,1.1,4.2,0.263,4.6,9.2,0.494,0.463,3.3,4.9,0.682,0.9,3.4,4.3,5.1,2.1,0.8,2.9,2.2,15.8
Vander Blue\blueva01,SG,25,LAL,4,0,7,0.3,0.8,0.333,0,0,,0.3,0.8,0.333,0.333,0,0,,0,0.3,0.3,0.3,0,0,0.5,0.5,0.5
Bogdan Bogdanovic\bogdabo01,SG,25,SAC,18,10,23.3,3.7,8.2,0.446,1,3.1,0.327,2.7,5.2,0.516,0.507,1,1.1,0.9,0.3,1.8,2.1,1.9,1,0.4,1.5,1.6,9.3
Bojan Bogdanovic\bogdabo02,SF,28,IND,22,22,31,5.6,10.9,0.517,2.3,5,0.45,3.4,5.9,0.574,0.621,1.7,2,0.822,0.3,2.9,3.1,1.1,0.6,0,1.2,1.6,15.2
Andrew Bogut\bogutan01,C,33,LAL,14,0,8,0.6,0.9,0.615,0,0,,0.6,0.9,0.615,0.615,0,0,,0.7,2.4,3.1,0.6,0.1,0.7,0.7,1.1,1.1
Joel Bolomboy\bolomjo01,PF,24,MIL,4,0,7.5,0.3,1,0.25,0,0.3,0,0.3,0.8,0.333,0.25,0.8,1.5,0.5,1.3,0.8,2,0,0.5,0,0.5,0.5,1.3
Devin Booker\bookede01,SG,21,PHO,22,22,33.4,8,17.9,0.447,2.4,6.4,0.376,5.6,11.5,0.486,0.514,4.5,5.2,0.87,0.5,4,4.4,4,0.9,0.3,3.3,2.9,23
Trevor Booker\booketr01,PF,30,BRK,16,4,22.5,4.6,8.6,0.533,0.2,0.8,0.25,4.4,7.8,0.56,0.544,1.4,2.6,0.561,2.3,4.6,6.9,1.9,0.5,0.3,1.7,2.3,10.8
Avery Bradley\bradlav01,SG,27,DET,20,20,31.7,6.4,14.1,0.45,2.1,4.7,0.441,4.3,9.5,0.455,0.523,2.1,2.6,0.788,0.7,2.1,2.8,2,1.5,0.2,2.7,2.3,16.8
Tony Bradley\bradlto01,C,20,UTA,6,0,3.2,0.2,1.3,0.125,0,0.2,0,0.2,1.2,0.143,0.125,0.3,0.3,1,0.5,0.8,1.3,0,0,0,0,0.2,0.7
Corey Brewer\breweco01,SF,31,LAL,21,1,12.5,1.1,2.5,0.453,0.1,0.8,0.188,1,1.8,0.568,0.481,0.6,0.9,0.667,0.2,1.2,1.4,0.8,0.9,0.2,0.6,1.4,3
Malcolm Brogdon\brogdma01,PG,25,MIL,18,10,30.7,5.1,10.6,0.476,1.8,3.9,0.457,3.3,6.7,0.488,0.56,1.4,1.7,0.833,0.1,2.8,2.9,3.6,1.1,0.2,1.7,2.3,13.3
Aaron Brooks\brookaa01,PG,33,MIN,11,1,4.8,0.9,1.9,0.476,0.5,0.9,0.5,0.5,1,0.455,0.595,0.1,0.2,0.5,0.2,0.4,0.5,0.6,0.1,0,0.2,0.6,2.4
Dillon Brooks\brookdi01,SF,22,MEM,20,12,29.7,3.4,7.5,0.456,0.8,2.6,0.314,2.6,4.9,0.531,0.51,1.1,1.5,0.724,0.8,2.9,3.7,1.3,1.1,0.6,1.6,3.5,8.7
Bobby Brown\brownbo02,PG,33,HOU,15,0,6.7,0.9,3.2,0.292,0.6,2.2,0.273,0.3,1,0.333,0.385,0.1,0.1,0.5,0,0.5,0.5,0.6,0.2,0,0.5,0.3,2.5
Jaylen Brown\brownja02,SF,21,BOS,21,21,32.2,5.7,12.2,0.463,1.9,4.6,0.412,3.8,7.6,0.494,0.541,2.3,4,0.59,1,5.2,6.3,1.1,1.1,0.3,1.5,2.8,15.6
Lorenzo Brown\brownlo01,PG,27,TOR,4,0,11.5,0.3,1.5,0.167,0,0.8,0,0.3,0.8,0.333,0.167,0,0,,0,1.8,1.8,1.3,0.8,0,0,0.8,0.5
Sterling Brown\brownst02,SG,22,MIL,5,0,5.8,0.8,2.4,0.333,0.2,0.8,0.25,0.6,1.6,0.375,0.375,0,0,,0.4,0.6,1,0.4,0.4,0,0.2,0.8,1.8
Nicolas Brussino\brussni01,SF,24,ATL,4,0,2.5,0,0.5,0,0,0.5,0,0,0,,0,0,0,,0,0.8,0.8,0,0,0,0,0,0
Reggie Bullock\bullore01,SF,26,DET,11,3,15.1,0.9,2.9,0.313,0.3,1.7,0.158,0.6,1.2,0.538,0.359,0.2,0.4,0.5,0.3,0.8,1.1,1.1,0.7,0.2,0.3,0.5,2.3
Alec Burks\burksal01,SG,26,UTA,20,0,17.5,2.5,6.6,0.374,0.9,2.2,0.386,1.6,4.4,0.368,0.439,1.5,1.7,0.909,0.2,2.6,2.8,0.7,0.8,0.3,0.8,1,7.3
Jimmy Butler\butleji01,SG,28,MIN,20,20,36.2,6.3,14.2,0.44,1.1,2.9,0.379,5.2,11.3,0.456,0.479,3.9,4.8,0.821,1.2,4.3,5.5,4.5,1.8,0.2,2.1,1.4,17.5
Bruno Caboclo\cabocbr01,SF,22,TOR,2,0,3.5,0,1,0,0,1,0,0,0,,0,0,0,,0,0.5,0.5,0.5,0.5,0,0,0.5,0
Jose Calderon\caldejo01,PG,36,CLE,12,6,13,0.8,1.8,0.476,0.4,0.9,0.455,0.4,0.8,0.5,0.595,0.4,0.5,0.833,0.2,0.9,1.1,1.5,0.5,0,0.8,1.3,2.5
Kentavious Caldwell-Pope\caldwke01,SG,24,LAL,19,19,34.9,5,11.8,0.422,2.1,5.9,0.354,2.9,5.9,0.491,0.511,2.1,2.7,0.75,0.9,4.4,5.3,2.5,1.7,0.4,1.8,2.2,14.2
Isaiah Canaan\canaais01,SG,26,HOU,1,0,4,0,1,0,0,0,,0,1,0,0,0,0,,0,1,1,0,0,0,0,0,0
Clint Capela\capelca01,C,23,HOU,21,21,25.9,5.9,8.8,0.67,0,0,0,5.9,8.8,0.674,0.67,1.9,3,0.645,3.3,8,11.3,1.3,0.8,1.7,1.6,2.8,13.7
DeMarre Carroll\carrode01,SF,31,BRK,19,19,29.7,4.5,10.4,0.434,1.9,5.1,0.385,2.6,5.4,0.48,0.528,3.2,4.3,0.753,1.7,5.1,6.8,1.6,1.1,0.4,1.4,2.6,14.2
Vince Carter\cartevi01,SF,41,SAC,12,0,12,0.8,3.3,0.25,0.5,1.9,0.261,0.3,1.4,0.235,0.325,0.3,0.5,0.5,0.1,1.3,1.3,0.8,0.5,0.3,0.5,1.3,2.4
Michael Carter-Williams\cartemi01,PG,26,CHO,9,1,17.3,1,4.8,0.209,0.4,1.2,0.364,0.6,3.6,0.156,0.256,2.4,3.1,0.786,1,1.9,2.9,2.8,1.1,0.3,1.4,2.2,4.9
Alex Caruso\carusal01,PG,23,LAL,2,0,9.5,0.5,1,0.5,0,0,,0.5,1,0.5,0.5,0,0,,0,1,1,2,0,0,1,0,1
Omri Casspi\casspom01,SF,29,GSW,18,4,13.8,2.3,3.9,0.592,0.3,0.5,0.667,2,3.4,0.581,0.634,0.9,1.2,0.773,0.4,3.4,3.8,1,0.3,0.6,0.7,1.6,5.9
Willie Cauley-Stein\caulewi01,C,24,SAC,21,15,25.4,4.3,8.7,0.5,0,0.3,0.167,4.3,8.4,0.511,0.503,1.8,2.5,0.717,1.8,4.5,6.3,2,0.9,1,1.5,2.1,10.5
Tyler Cavanaugh\cavanty01,PF,23,ATL,11,0,9.5,1.5,2.5,0.571,0.7,1.5,0.471,0.7,1,0.727,0.714,0.2,0.2,1,0.4,1.6,2,0.7,0.1,0.1,0.2,1.3,3.8
Mario Chalmers\chalmma01,PG,31,MEM,19,7,24.8,2.8,7.7,0.361,0.7,3.1,0.237,2.1,4.6,0.443,0.408,2.1,2.7,0.784,0.2,2.9,3.1,4,1.4,0.1,1.8,3.2,8.4
Tyson Chandler\chandty01,C,35,PHO,17,17,25.1,2.9,4.5,0.645,0,0,,2.9,4.5,0.645,0.645,1.5,2.3,0.667,2.8,6.4,9.2,0.7,0.3,0.6,1.2,2.8,7.3
Wilson Chandler\chandwi01,SF,30,DEN,18,18,30.3,3.2,7.4,0.433,0.9,2.9,0.302,2.3,4.5,0.519,0.493,1.4,1.8,0.813,1.2,3.2,4.4,2.7,0.5,0.4,1.6,1.9,8.8
Marquese Chriss\chrisma01,PF,20,PHO,23,17,20,2.3,5.8,0.391,0.7,2.3,0.321,1.5,3.5,0.438,0.455,1,1.4,0.727,0.8,4,4.8,1.1,0.6,1.2,1.2,3.1,6.3
Ian Clark\clarkia01,SG,26,NOP,18,0,15.7,1.8,5.1,0.363,0.8,2.7,0.313,1,2.4,0.419,0.445,0.4,0.7,0.667,0.1,1.4,1.5,1.6,0.4,0,0.8,1.3,4.9
Jordan Clarkson\clarkjo01,SG,25,LAL,21,0,22.6,6.1,12.3,0.494,1.2,3.2,0.373,4.9,9.1,0.536,0.542,2,2.7,0.754,0.8,2.1,2.9,3,0.7,0,1.8,1.6,15.4
Gian Clavell\clavegi01,SG,24,DAL,7,0,9.1,0.9,2.6,0.333,0.9,2.1,0.4,0,0.4,0,0.5,0.3,0.3,1,0.1,0.9,1,0.4,0.3,0,0.3,1.1,2.9
Antonius Cleveland\clevean01,SG,23,DAL,5,0,3.4,0.2,0.4,0.5,0,0,,0.2,0.4,0.5,0.5,0.2,0.4,0.5,0,0.4,0.4,0.4,0.2,0,0,0.4,0.6
John Collins\collijo01,PF,20,ATL,20,3,22.9,4.9,8.4,0.581,0,0.1,0,4.9,8.3,0.584,0.581,1.8,2.3,0.761,3.1,4,7.1,0.9,0.6,0.9,1.6,3.7,11.5
Zach Collins\colliza01,C,20,POR,6,0,5.3,0.2,1.5,0.111,0.2,0.5,0.333,0,1,0,0.167,0,0,,0.3,0.7,1,0.3,0,0,1,1.7,0.5
Darren Collison\collida01,PG,30,IND,22,22,31.9,4.4,9.5,0.462,1.1,3,0.373,3.2,6.4,0.504,0.522,2.2,2.5,0.875,0.6,2.4,3,6.5,1.2,0.1,1.5,2,12.1
Nick Collison\collini01,PF,37,OKC,2,0,6,1,1,1,0,0,,1,1,1,1,0,0,,0.5,1,1.5,0.5,0,0,0,0,2
Mike Conley\conlemi01,PG,30,MEM,12,12,31.1,5.3,14,0.381,2,6.4,0.312,3.3,7.6,0.44,0.452,4.4,5.5,0.803,0,2.3,2.3,4.1,1,0.3,1.5,2,17.1
Pat Connaughton\connapa01,SG,25,POR,21,3,19.4,2.3,4.8,0.475,1.3,2.8,0.458,1,2,0.5,0.609,0.6,0.7,0.929,0.1,2.1,2.2,1.2,0.1,0.2,0.6,1.3,6.5
Quinn Cook\cookqu01,PG,24,GSW,3,0,6.3,1,1.7,0.6,0,0.7,0,1,1,1,0.6,0,0,,0,0.7,0.7,1.7,0,0,0.3,1,2
Charles Cooke\cookech01,SG,23,NOP,2,0,2.5,0.5,2,0.25,0,1,0,0.5,1,0.5,0.25,0,0,,0,0,0,0.5,0.5,0,0,0,1
Jack Cooley\cooleja01,PF,26,SAC,1,0,2,0,1,0,0,0,,0,1,0,0,2,2,1,0,1,1,1,0,0,0,0,2
Matt Costello\costema01,C,24,SAS,1,0,11,1,1,1,0,0,,1,1,1,1,0,0,,0,5,5,0,0,2,0,3,2
DeMarcus Cousins\couside01,C,27,NOP,21,21,35.5,8.7,18.8,0.462,2.2,6.8,0.322,6.5,12,0.542,0.52,5.6,7.3,0.76,2,10.4,12.5,5.4,1.6,1.6,5.2,3.5,25.1
Robert Covington\covinro01,PF,27,PHI,20,20,31.4,5.1,11.3,0.453,3.1,7.3,0.425,2,4,0.506,0.591,1.6,2,0.8,1.1,5.2,6.2,1.7,1.7,0.7,1.8,3.5,14.9
Allen Crabbe\crabbal01,SG,25,BRK,18,11,27.3,4.2,10.2,0.41,2.4,6.2,0.396,1.7,4,0.431,0.53,1.6,1.9,0.829,0.5,3.5,4,1.4,0.7,0.3,1.1,1.7,12.4
Torrey Craig\craigto01,SF,27,DEN,1,0,6,0,1,0,0,1,0,0,0,,0,0,0,,0,1,1,0,0,0,0,0,0
Jamal Crawford\crawfja01,SG,37,MIN,22,0,17.4,3.1,7.6,0.413,1.1,3.2,0.357,2,4.4,0.454,0.488,1.8,1.9,0.929,0.3,0.8,1.1,2,0.6,0,1.4,1,9.2
Jordan Crawford\crawfjo02,SG,29,NOP,2,0,18.5,3.5,7,0.5,2,2.5,0.8,1.5,4.5,0.333,0.643,0,0,,1,0.5,1.5,4.5,0,0.5,2,3,9
Jae Crowder\crowdja01,SF,27,CLE,21,18,25.9,2.7,7,0.378,1.1,3.5,0.324,1.5,3.5,0.432,0.459,2,2.2,0.894,0.8,2.6,3.4,1,0.7,0,1.1,2.3,8.5
Dante Cunningham\cunnida01,SF,30,NOP,21,16,23.6,2,5,0.387,0.8,2.9,0.279,1.1,2.1,0.533,0.467,0.4,0.8,0.563,0.9,2.7,3.6,0.7,0.6,0.2,0.3,2,5.1
Stephen Curry\curryst01,PG,29,GSW,20,20,32.6,8.2,17.6,0.464,3.5,9.5,0.368,4.7,8.1,0.578,0.564,6.3,6.7,0.94,0.6,4.6,5.2,6.4,1.7,0.2,3.1,2.5,26.1
Troy Daniels\danietr01,SG,26,PHO,23,0,15.3,2.2,5.1,0.432,1.8,4.1,0.436,0.4,1,0.417,0.606,0.1,0.2,0.75,0.1,0.9,1,0.4,0.2,0,0.6,1.3,6.3
Anthony Davis\davisan02,PF,24,NOP,20,20,35.1,9.2,16.2,0.57,0.7,2,0.359,8.5,14.2,0.599,0.591,6.5,8.1,0.796,2.5,8.6,11,2.7,1.2,1.8,2.2,2,25.6
Deyonta Davis\davisde01,C,21,MEM,8,0,11.5,1.5,2.4,0.632,0,0,,1.5,2.4,0.632,0.632,0.5,0.8,0.667,0.6,2.5,3.1,0.4,0.3,0.8,0.4,1.8,3.5
Ed Davis\davised01,PF,28,POR,21,0,18.5,1.8,3.9,0.463,0,0,,1.8,3.9,0.463,0.463,1.2,1.8,0.684,2.9,4.9,7.8,0.4,0.5,0.8,1,2.4,4.9
Dewayne Dedmon\dedmode01,C,28,ATL,20,20,24.4,4.6,7.7,0.601,0.7,1.5,0.483,3.9,6.2,0.629,0.647,1.2,1.6,0.719,2,5.8,7.8,1.4,0.4,0.9,1.8,3,11.1
Sam Dekker\dekkesa01,SF,23,LAC,16,0,9.5,1.3,3.1,0.42,0.2,1.4,0.13,1.1,1.7,0.667,0.45,0.2,0.3,0.75,0.6,1.5,2.1,0.4,0.4,0.2,0.4,0.8,3
Malcolm Delaney\delanma01,PG,28,ATL,17,2,20.4,1.8,5,0.365,0.8,2.1,0.371,1.1,2.9,0.36,0.441,1,1.4,0.708,0.3,1.7,2,2,0.8,0.1,1.2,1.4,5.4
Matthew Dellavedova\dellama01,PG,27,MIL,13,1,20,1.9,5.1,0.379,0.8,2.2,0.379,1.1,2.8,0.378,0.462,0.8,0.8,0.909,0.5,1.6,2.2,3.2,0.2,0,1.6,1.8,5.5
Luol Deng\denglu01,SF,32,LAL,1,1,13,1,2,0.5,0,0,,1,2,0.5,0.5,0,0,,0,0,0,1,1,0,1,0,2
DeMar DeRozan\derozde01,SG,28,TOR,20,20,34.3,8.4,17.4,0.484,0.8,2.8,0.286,7.6,14.6,0.522,0.507,5.7,7.1,0.809,0.8,3.5,4.3,4.7,1.2,0.2,2.8,1.9,23.3
Cheick Diallo\diallch01,PF,21,NOP,14,0,7.8,1.3,2.3,0.563,0,0,,1.3,2.3,0.563,0.563,0.2,0.4,0.5,0.6,1.8,2.4,0.2,0,0.1,0.5,1.4,2.8
Gorgui Dieng\dienggo01,C,28,MIN,19,0,16.4,2.4,4.9,0.479,0.3,1.1,0.25,2.1,3.9,0.541,0.505,1.5,2.1,0.744,1.7,2.9,4.6,1.2,0.6,0.1,0.9,2.1,6.5
Spencer Dinwiddie\dinwisp01,PG,24,BRK,20,10,26,4.1,10.3,0.393,1.9,4.9,0.388,2.2,5.4,0.398,0.485,2.4,3.2,0.762,0.7,2.3,3,6.1,0.8,0.3,1.1,2.8,12.4
Tyler Dorsey\dorsety01,SG,21,ATL,7,0,6.6,0.7,2.3,0.313,0.4,1.6,0.273,0.3,0.7,0.4,0.406,0.4,0.6,0.75,0.1,0.7,0.9,0.3,0,0,0.6,0.1,2.3
Damyean Dotson\dotsoda01,SG,23,NYK,13,0,6.7,1.1,2.3,0.467,0.3,0.9,0.333,0.8,1.4,0.556,0.533,0.1,0.1,1,0.2,0.9,1.1,0.4,0,0,0.2,0.4,2.5
Goran Dragic\dragigo01,PG,31,MIA,21,21,32.7,6.5,14.2,0.458,1.8,4.6,0.396,4.7,9.7,0.488,0.522,3.1,3.9,0.802,0.7,3.2,4,4.5,0.9,0.1,2.3,2.2,18
Andre Drummond\drumman01,C,24,DET,20,20,33.1,5.7,10.4,0.548,0,0,,5.7,10.4,0.548,0.548,2.9,4.6,0.63,5.3,9.9,15.2,3.7,1.5,1.2,3.4,3.2,14.3
Jared Dudley\dudleja01,PF,32,PHO,8,0,14.6,1.3,2.6,0.476,0.9,1.6,0.538,0.4,1,0.375,0.643,0.5,0.8,0.667,0.5,1.9,2.4,2,0.8,0.3,0.6,1.9,3.9
Kris Dunn\dunnkr01,PG,23,CHI,15,6,26.8,4.9,11.7,0.415,1,2.4,0.417,3.9,9.3,0.414,0.457,0.8,1.1,0.75,0.7,3.9,4.7,4.1,2.1,0.3,3.3,3.2,11.5
Kevin Durant\duranke01,SF,29,GSW,17,17,34.6,9.2,17.5,0.525,2.6,6,0.431,6.6,11.5,0.574,0.599,4,4.7,0.85,0.6,6.2,6.8,4.7,0.8,2,3.5,2.3,24.9
Henry Ellenson\ellenhe01,PF,21,DET,7,0,11.4,2.1,5.4,0.395,1,2.7,0.368,1.1,2.7,0.421,0.487,0.1,0.1,1,0.1,2.9,3,0.7,0.4,0,0.9,0.9,5.4
Wayne Ellington\ellinwa01,SG,30,MIA,21,0,19.6,2.6,6.3,0.409,2.3,5.7,0.412,0.2,0.6,0.385,0.595,0.7,0.8,0.938,0.2,1.6,1.8,1,0.5,0,0.4,0.9,8.2
Joel Embiid\embiijo01,C,23,PHI,18,18,29.6,8.2,16.7,0.493,0.7,2.8,0.255,7.5,13.8,0.542,0.515,5.8,7.6,0.759,2.5,8.8,11.3,3.3,0.7,1.8,4.1,3.6,22.9
James Ennis\ennisja01,SF,27,MEM,19,14,25.9,2.5,5,0.505,0.6,1.9,0.306,1.9,3.1,0.627,0.563,1.5,1.6,0.903,1.2,2.7,3.9,1.3,0.6,0.2,0.8,1.9,7.1
Tyler Ennis\ennisty01,PG,23,LAL,10,0,5.6,0.7,1.9,0.368,0,0.4,0,0.7,1.5,0.467,0.368,0.4,0.4,1,0.1,0.6,0.7,0.8,0.4,0.1,0.3,0.5,1.8
Jawun Evans\evansja01,PG,21,LAC,12,0,12.3,1.5,4.3,0.353,0.2,1,0.167,1.3,3.3,0.41,0.373,1.3,1.6,0.789,0.1,0.9,1,1.2,0.5,0,0.8,1.7,4.4
Tyreke Evans\evansty01,SG,28,MEM,20,1,28.6,6.7,13.6,0.493,1.8,4.3,0.419,4.9,9.3,0.527,0.559,2.8,3.7,0.753,1.1,4,5,3.5,1,0.4,2.1,1.8,18
Kenneth Faried\farieke01,PF,28,DEN,17,3,12.6,2,3.8,0.531,0,0,,2,3.8,0.531,0.531,1.5,1.9,0.758,1.5,2.1,3.6,0.3,0.4,0.2,0.6,1,5.5
Derrick Favors\favorde01,PF,26,UTA,21,21,27.9,5.5,9.8,0.558,0.2,0.7,0.267,5.3,9.1,0.581,0.568,2,2.6,0.745,2.1,4.2,6.3,1.6,0.8,1,1.6,2.2,13.1
Kay Felder\feldeka01,PG,22,CHI,12,0,10.5,1.6,5.3,0.302,0.3,1.4,0.235,1.3,3.8,0.326,0.333,0.8,0.8,0.9,0.1,0.8,0.9,1.7,0.2,0.1,1.3,0.9,4.3
Cristiano Felicio\feliccr01,C,25,CHI,18,0,15.4,1.6,2.7,0.571,0,0,,1.6,2.7,0.571,0.571,0.4,0.8,0.571,1.3,1.8,3.2,0.7,0.2,0.2,0.8,2.3,3.6
Raymond Felton\feltora01,PG,33,OKC,20,0,17.5,2.8,6.4,0.43,0.8,2.3,0.356,2,4.2,0.47,0.492,0.6,0.8,0.688,0.2,1.5,1.7,2.5,0.8,0.1,0.6,1.1,6.9
Terrance Ferguson\fergute01,SG,19,OKC,13,0,6.6,0.5,1.3,0.353,0.1,0.7,0.111,0.4,0.6,0.625,0.382,0.1,0.2,0.5,0.2,0.2,0.4,0.1,0.2,0.1,0.2,1,1.1
Yogi Ferrell\ferreyo01,SG,24,DAL,22,8,28.3,3,7.4,0.405,1.4,3.6,0.375,1.6,3.8,0.434,0.497,1.8,2.3,0.8,0.3,2.2,2.5,2,0.8,0.1,1.4,2.1,9.2
Dorian Finney-Smith\finnedo01,PF,24,DAL,8,1,11.8,1.3,2.8,0.455,0.6,1.8,0.357,0.6,1,0.625,0.568,0.1,0.3,0.5,0.6,0.6,1.3,0.6,0,0.1,0.9,1.6,3.3
Bryn Forbes\forbebr01,SG,24,SAS,21,1,15.4,2.5,5.5,0.452,1.1,2.6,0.426,1.4,2.9,0.475,0.552,0.3,0.5,0.545,0.3,1,1.2,0.7,0.2,0,0.4,1.2,6.3
Evan Fournier\fournev01,SF,25,ORL,22,22,32,6.5,13.8,0.469,2.2,5.5,0.405,4.2,8.3,0.511,0.55,2.6,2.9,0.891,0.5,2.8,3.3,3,1,0.3,2,2.3,17.7
De'Aaron Fox\foxde01,PG,20,SAC,21,8,26.3,4.1,10.5,0.394,0.4,1.4,0.276,3.8,9.1,0.411,0.412,1.5,2.1,0.711,0.5,2.6,3,4.4,0.9,0.1,2.2,2.3,10.2
Tim Frazier\fraziti01,PG,27,WAS,21,5,17.2,1.3,3.4,0.389,0.3,1.2,0.269,1,2.2,0.457,0.438,0.6,0.7,0.857,0.3,2,2.3,3.8,0.9,0.1,1.6,2,3.6
Channing Frye\fryech01,C,34,CLE,19,0,11.8,1.7,3.4,0.516,0.7,1.9,0.378,1,1.4,0.704,0.625,0.3,0.3,1,0.2,2.4,2.6,0.7,0.3,0.2,0.4,1.5,4.5
Markelle Fultz\fultzma01,SG,19,PHI,4,0,19,2.3,6.8,0.333,0,0,,2.3,6.8,0.333,0.333,1.5,3,0.5,0.8,1.5,2.3,1.8,0.5,0.3,1.5,1.5,6
Danilo Gallinari\gallida01,SF,29,LAC,9,9,31.9,4.2,11.9,0.355,1.4,5.6,0.26,2.8,6.3,0.439,0.416,2.9,3,0.963,0.2,4.3,4.6,3,0.7,0.2,1.3,1.7,12.8
Langston Galloway\gallola01,SG,26,DET,19,0,14.2,2.3,5.1,0.448,1.4,3.4,0.422,0.8,1.7,0.5,0.589,0.5,0.6,0.833,0.1,1.6,1.7,0.7,0.4,0.2,0.3,0.6,6.5
Marc Gasol\gasolma01,C,33,MEM,20,20,34.4,6.5,15.5,0.416,1.5,4.5,0.322,5,11,0.455,0.463,4.3,5.1,0.842,1,7.9,8.9,4.3,0.5,1.6,3.1,2.3,18.6
Pau Gasol\gasolpa01,C,37,SAS,21,21,25.7,4.2,8.5,0.492,1,2.3,0.449,3.1,6.2,0.508,0.553,2,2.4,0.824,1.5,6.4,7.9,3.3,0.4,1.3,1.5,1.7,11.4
Rudy Gay\gayru01,SF,31,SAS,20,0,22.1,4.4,9.5,0.463,0.7,2.2,0.318,3.7,7.3,0.507,0.5,2.2,2.6,0.846,1.2,3.9,5.1,1.7,1,0.6,1.8,2.2,11.7
Paul George\georgpa01,SF,27,OKC,20,20,36.9,7.3,17.3,0.422,3.1,7.8,0.4,4.2,9.6,0.44,0.512,2.8,3.5,0.812,0.8,5.1,5.9,3.1,2.8,0.5,2.5,2.9,20.5
Marcus Georges-Hunt\georgma01,SG,23,MIN,9,0,1.7,0.2,0.4,0.5,0,0.1,0,0.2,0.3,0.667,0.5,0,0,,0.1,0,0.1,0.1,0.1,0,0.1,0.2,0.4
Taj Gibson\gibsota01,PF,32,MIN,22,22,32.5,4.5,8.1,0.547,0.2,0.7,0.267,4.3,7.5,0.573,0.559,1.7,2.1,0.804,2.8,5.5,8.3,1.5,1,0.5,1.3,2.6,10.8
Manu Ginobili\ginobma01,SG,40,SAS,18,0,20.1,2.8,7.1,0.402,0.7,2.8,0.24,2.2,4.3,0.506,0.449,1.6,1.8,0.848,0.3,1.6,1.9,2.1,0.7,0.3,1.8,2,7.9
Rudy Gobert\goberru01,C,25,UTA,12,12,33.8,5.2,8.3,0.62,0,0,,5.2,8.3,0.62,0.62,3.6,5,0.717,2.8,7.7,10.5,1.3,0.6,2.5,2.1,2.6,13.9
Aaron Gordon\gordoaa01,PF,22,ORL,20,20,32.9,6.5,12.8,0.51,2.3,5.3,0.438,4.2,7.5,0.56,0.6,3.3,4.3,0.765,1.4,7,8.4,2.2,1.1,0.9,1.5,1.9,18.6
Eric Gordon\gordoer01,SG,29,HOU,19,13,31.6,6,15.2,0.394,3.2,10,0.316,2.8,5.2,0.545,0.498,4.1,4.8,0.837,0.2,1.9,2.1,2.7,0.7,0.3,2.5,1.9,19.2
Marcin Gortat\gortama01,C,33,WAS,21,21,29.8,4.3,7.7,0.559,0,0,,4.3,7.7,0.559,0.559,1.5,2.2,0.66,2.2,6.4,8.6,1.7,0.3,0.8,1.4,2.3,10
Treveon Graham\grahatr01,SG,24,CHO,12,0,17.5,1.5,3.9,0.383,0.4,1.5,0.278,1.1,2.4,0.448,0.436,0.6,0.8,0.7,0.8,1.5,2.3,1.4,0.7,0,0.4,2.2,4
Jerami Grant\grantje01,PF,23,OKC,20,1,22.5,3.1,6.2,0.504,0.4,1.7,0.235,2.7,4.5,0.607,0.537,2,2.8,0.727,1.2,2.7,3.9,1,0.8,0.9,1.1,2.3,8.6
Jerian Grant\grantje02,PG,25,CHI,19,14,25.9,3.1,7.6,0.407,0.7,2.4,0.304,2.4,5.2,0.455,0.455,2.2,2.7,0.824,0.6,2.3,2.9,4.9,0.9,0.1,1.5,1.9,9.2
Danny Green\greenda02,SG,30,SAS,20,20,29,3.9,9.3,0.419,1.9,4.8,0.385,2.1,4.5,0.456,0.519,0.5,0.7,0.714,0.5,3.6,4.1,2.1,1.1,1.1,1.5,1.2,10.2
Draymond Green\greendr01,PF,27,GSW,21,21,31.5,3.5,7.7,0.451,1.2,3.6,0.329,2.3,4.1,0.558,0.528,2.1,2.8,0.759,1.2,6.1,7.4,6.9,1.4,1.3,2.8,3,10.2
JaMychal Green\greenja01,PF,27,MEM,8,8,24.9,4.4,7.3,0.603,0.9,1.9,0.467,3.5,5.4,0.651,0.664,1,1.3,0.8,1.5,3.8,5.3,1.1,0.5,0,0.8,2.5,10.6
Jeff Green\greenje02,PF,31,CLE,21,0,20.9,3.6,7.4,0.49,0.6,1.9,0.3,3,5.5,0.557,0.529,2.2,2.7,0.807,0.9,2.3,3.1,1.6,0.7,0.2,1.1,2.1,10
Blake Griffin\griffbl01,PF,28,LAC,19,19,35.8,7.9,18.6,0.425,2.2,6.1,0.353,5.7,12.5,0.46,0.483,5.6,7.2,0.781,1.3,6.6,7.9,5.1,0.9,0.3,3,2.5,23.6
Daniel Hamilton\hamilda02,SG,22,OKC,1,0,4,0,1,0,0,0,,0,1,0,0,0,0,,0,0,0,0,0,0,0,0,0
Tim Hardaway\hardati02,SG,25,NYK,21,21,34.1,6.3,15.1,0.42,2.3,7.2,0.316,4,7.9,0.515,0.495,2.9,3.6,0.8,0.8,3.4,4.2,3.3,1.1,0.2,1.7,2.2,17.8
James Harden\hardeja01,SG,28,HOU,21,21,36,9.5,21.1,0.451,4.5,11.1,0.403,5,10,0.505,0.558,8,9.2,0.866,0.6,4.6,5.2,9.8,1.7,0.5,4.6,2.6,31.5
Maurice Harkless\harklma01,SF,24,POR,21,18,25.1,2.2,5.3,0.414,0.4,1.7,0.229,1.8,3.6,0.5,0.45,0.9,1.1,0.75,0.9,2.8,3.6,0.7,0.8,0.9,0.9,1.9,5.6
Montrezl Harrell\harremo01,C,24,LAC,13,0,8.5,1.7,2.9,0.579,0,0,,1.7,2.9,0.579,0.579,0.5,0.8,0.6,1.1,1.8,2.9,0.5,0.2,0.5,0.3,1,3.8
Devin Harris\harride01,PG,34,DAL,16,1,18.3,2.9,7,0.42,0.9,2.8,0.318,2.1,4.3,0.485,0.482,1.9,2.4,0.789,0.4,1.8,2.3,1.9,0.8,0.1,0.9,3,8.6
Gary Harris\harriga01,SG,23,DEN,18,18,32.4,5.6,11.2,0.498,2.4,5.6,0.44,3.1,5.6,0.554,0.607,0.7,0.9,0.765,0.7,2.1,2.7,2.5,1.8,0.4,1.7,2.1,14.3
Joe Harris\harrijo01,SG,26,BRK,20,3,23.2,3.7,8.1,0.46,2.1,5.5,0.382,1.6,2.6,0.627,0.59,0.7,1,0.7,0.4,2.3,2.7,1.4,0.7,0.3,0.7,1.9,10.2
Tobias Harris\harrito02,PF,25,DET,20,20,32.9,7.3,15.3,0.474,2.9,6.1,0.467,4.4,9.2,0.478,0.567,1.8,2,0.897,1.1,4.4,5.5,1.7,0.6,0.2,0.7,1.8,19.1
Andrew Harrison\harrian01,PG,23,MEM,14,8,15.7,1.7,4.9,0.353,0.6,2.4,0.242,1.1,2.5,0.457,0.412,1.1,1.1,0.938,0.2,1.4,1.6,1.1,0.4,0.2,0.9,1.5,5.1
Josh Hart\hartjo01,SG,22,LAL,16,0,13.8,1.1,2.8,0.409,0.3,1.1,0.235,0.9,1.7,0.519,0.455,0.6,0.8,0.75,0.4,1.8,2.2,0.4,0.6,0.2,0.4,1.1,3.1
Udonis Haslem\hasleud01,C,37,MIA,2,0,4.5,0.5,0.5,1,0,0,,0.5,0.5,1,1,0,0,,0,0.5,0.5,0,0,0,0,0,1
Gordon Hayward\haywago01,SF,27,BOS,1,1,5,1,2,0.5,0,1,0,1,1,1,0.5,0,0,,0,1,1,0,0,0,0,1,2
John Henson\hensojo01,C,27,MIL,18,11,22.7,3.1,5.3,0.573,0,0.1,0,3.1,5.2,0.585,0.573,0.9,2.2,0.436,1.8,4.8,6.6,1.6,0.3,1.6,1.2,2.9,7.1
Juan Hernangomez\hernaju01,PF,22,DEN,9,1,13.8,1.6,3.9,0.4,0.9,2.4,0.364,0.7,1.4,0.462,0.514,0.4,0.6,0.8,1,1.9,2.9,0.2,0.3,0.2,0.2,1.1,4.4
Willy Hernangomez\hernawi01,C,23,NYK,13,0,10.5,2.2,3.9,0.549,0.1,0.2,0.333,2.1,3.7,0.563,0.559,0.3,1.1,0.286,1.2,2,3.2,0.8,0.4,0.5,1.3,1.9,4.7
Mario Hezonja\hezonma01,SF,22,ORL,17,0,9.6,1.2,2.8,0.426,0.5,1.2,0.381,0.7,1.5,0.462,0.511,0.2,0.2,0.75,0.4,1.4,1.8,0.6,0.3,0.1,0.7,0.8,3
Buddy Hield\hieldbu01,SG,24,SAC,19,7,22.6,4.6,10.5,0.44,1.8,4.2,0.443,2.8,6.4,0.438,0.528,0.9,1.1,0.857,0.7,3.1,3.8,1.5,1.1,0.2,1.4,1.9,12.1
Nene Hilario\hilarne01,C,35,HOU,15,0,14.3,2.9,4.5,0.657,0,0.1,0,2.9,4.3,0.677,0.657,2,2.7,0.75,0.7,2.4,3.1,1.1,0.6,0.4,1.2,2.6,7.9
George Hill\hillge01,PG,31,SAC,19,19,26,3.3,7.5,0.441,1.2,2.5,0.468,2.2,5.1,0.427,0.517,1.3,1.7,0.75,0.4,2.6,3,2.4,0.8,0.2,1.3,1.8,9.1
Darrun Hilliard\hillida01,SG,24,SAS,3,0,8.7,0.3,1.7,0.2,0,0.7,0,0.3,1,0.333,0.2,0,0,,0,0.7,0.7,0.3,0.3,0,1,1.3,0.7
Jrue Holiday\holidjr01,PG,27,NOP,21,21,36.1,6.2,13.6,0.46,1.2,4.5,0.274,5,9,0.553,0.505,2,2.3,0.854,0.7,3.6,4.3,5.7,1.3,0.3,2.7,2.4,15.7
Justin Holiday\holidju01,SG,28,CHI,18,18,34.2,5.1,13.9,0.364,2.8,7.7,0.36,2.3,6.2,0.369,0.464,1.9,2.6,0.745,0.6,3.7,4.3,2.1,1.3,0.5,1.3,1.8,14.8
John Holland\hollajo02,SF,29,CLE,4,0,4.3,0.3,1,0.25,0.3,0.5,0.5,0,0.5,0,0.375,0,0,,0,0.5,0.5,0,0,0,0.3,0,0.8
Rondae Hollis-Jefferson\holliro01,SF,23,BRK,18,18,27.1,4.9,10,0.494,0.2,0.7,0.25,4.8,9.3,0.512,0.503,4.2,5.1,0.826,1.3,4.2,5.4,1.8,0.9,0.7,1.5,1.9,14.3
Richaun Holmes\holmeri01,C,24,PHI,8,1,11.1,1.6,3,0.542,0,0.5,0,1.6,2.5,0.65,0.542,0.9,1.3,0.7,0.8,2.4,3.1,0.9,0.1,0.4,0.3,2.3,4.1
Rodney Hood\hoodro01,SG,25,UTA,18,9,28.3,6.2,14.7,0.419,2.8,7.1,0.402,3.3,7.7,0.435,0.515,2.6,2.8,0.92,0.3,2.3,2.6,1.8,0.7,0.2,1.9,1.9,17.7
Al Horford\horfoal01,C,31,BOS,20,20,32.4,5.3,9.9,0.533,1.4,3.3,0.431,3.9,6.6,0.583,0.604,1.7,2.1,0.805,1.3,6.9,8.2,4.9,0.7,1,2.4,1.6,13.6
Dwight Howard\howardw01,C,32,CHO,20,20,29.8,5.8,10,0.58,0,0.1,0,5.8,10,0.583,0.58,4,8.4,0.473,3.8,8.9,12.7,1.3,0.6,1.2,3.5,3.3,15.6
Josh Huestis\huestjo01,PF,26,OKC,16,0,11.3,0.7,2.5,0.275,0.6,1.9,0.29,0.1,0.6,0.222,0.388,0.1,0.3,0.5,0.3,1.3,1.6,0.4,0.4,0.6,0.6,1.6,2.1
Serge Ibaka\ibakase01,PF,28,TOR,18,18,26.9,4.7,9.7,0.48,1.4,4.3,0.325,3.3,5.4,0.602,0.551,1,1.6,0.643,0.8,4.8,5.6,0.6,0.3,1.3,1.2,2.9,11.7
Andre Iguodala\iguodan01,SF,34,GSW,20,1,26,2.4,4.9,0.48,0.6,1.9,0.297,1.8,3.1,0.59,0.536,1.1,1.6,0.656,1,2.6,3.6,2.9,0.6,0.6,0.7,1.2,6.3
Ersan Ilyasova\ilyaser01,PF,30,ATL,9,4,19.4,1.7,5.9,0.283,0.6,2.9,0.192,1.1,3,0.37,0.33,0.6,0.7,0.833,0.8,3.9,4.7,0.8,0.9,0.1,0.2,2.1,4.4
Joe Ingles\inglejo01,SF,30,UTA,21,21,29.4,3.6,8,0.45,2.5,5.3,0.477,1.1,2.8,0.397,0.607,0.4,0.4,1,0.2,3.9,4.1,3.9,1.2,0.2,1.7,2.1,10.1
Brandon Ingram\ingrabr01,SF,20,LAL,21,21,33.8,5.9,12.7,0.466,0.5,1.6,0.333,5.4,11.1,0.485,0.487,3.3,5,0.66,0.9,4.5,5.3,2.9,0.9,0.9,2.4,3.2,15.7
Kyrie Irving\irvinky01,PG,25,BOS,21,21,31.6,8.3,17.5,0.476,2,5.8,0.355,6.3,11.8,0.534,0.534,4,4.7,0.867,0.5,2.8,3.2,5.3,1.6,0.3,2.2,2.2,22.8
Jonathan Isaac\isaacjo01,PF,20,ORL,12,2,19.9,2.3,5.1,0.459,0.4,1.4,0.294,1.9,3.7,0.523,0.5,1,1.2,0.857,0.9,3.5,4.4,0.8,0.7,1.3,1,2.1,6.1
Wesley Iwundu\iwundwe01,SF,23,ORL,5,0,5,0.8,2,0.4,0,0,,0.8,2,0.4,0.4,0.2,0.6,0.333,0.2,0.8,1,0.6,0.2,0,0.6,0.6,1.8
Jarrett Jack\jackja01,PG,34,NYK,19,18,26.4,2.5,6.1,0.417,0.4,1.3,0.292,2.2,4.8,0.451,0.448,0.3,0.3,0.833,0.3,2.9,3.2,5.9,0.5,0.1,1.7,1.4,5.7
Demetrius Jackson\jacksde01,PG,23,HOU,11,0,5.5,0.4,1.3,0.286,0,0.5,0,0.4,0.7,0.5,0.286,0,0,,0.4,0.6,1,0.5,0.4,0.1,0.9,0.5,0.7
Josh Jackson\jacksjo02,SF,20,PHO,23,4,21.5,3.6,9.3,0.39,0.6,2.6,0.237,3,6.7,0.448,0.423,1.4,2.8,0.516,0.8,3,3.8,1.1,1.3,0.2,2,2.8,9.3
Justin Jackson\jacksju01,SF,22,SAC,17,5,18.2,2.5,6.2,0.406,0.9,2.7,0.326,1.6,3.5,0.467,0.476,0.4,0.6,0.6,0.4,1.2,1.6,0.4,0.2,0.1,0.8,0.9,6.3
Reggie Jackson\jacksre01,PG,27,DET,20,20,27.7,5.7,12.2,0.469,1.5,3.9,0.39,4.2,8.3,0.506,0.531,2.9,3.2,0.905,0.7,2.2,2.9,5.9,0.9,0.1,2.4,2.3,15.8
LeBron James\jamesle01,PF,33,CLE,21,21,37,11,19.1,0.579,2,4.8,0.42,9,14.3,0.631,0.631,4.1,5.4,0.761,1.3,7,8.3,8.3,1.3,1.1,4.1,1.8,28.2
Mike James\jamesmi02,PG,27,PHO,23,10,22.7,3.9,10.3,0.378,1,3.3,0.289,3,7,0.42,0.424,2.2,2.9,0.758,0.4,2.7,3,4.1,0.9,0.3,1.7,1.5,11
Al Jefferson\jeffeal01,C,33,IND,10,0,13.9,3.1,5.7,0.544,0,0.1,0,3.1,5.6,0.554,0.544,1,1.2,0.833,1.1,3.6,4.7,1.1,0.5,0.7,0.8,1.8,7.2
Richard Jefferson\jefferi01,SF,37,DEN,5,0,5.6,0.4,1,0.4,0.2,0.4,0.5,0.2,0.6,0.333,0.5,0.4,0.8,0.5,0,0.4,0.4,0.4,0,0,0,0.2,1.4
Jonas Jerebko\jerebjo01,PF,30,UTA,16,8,15.3,2.1,4.3,0.493,1.1,2.3,0.5,1,2.1,0.485,0.623,0.5,0.6,0.8,1,2.7,3.7,0.7,0.3,0.1,0.3,1.9,5.9
Amir Johnson\johnsam01,C,30,PHI,18,1,15.1,1.9,3.8,0.515,0.1,0.5,0.111,1.9,3.3,0.576,0.522,0.4,1.1,0.421,2.1,3.7,5.8,0.9,0.6,0.8,0.8,2.7,4.4
Brice Johnson\johnsbr02,PF,23,LAC,5,0,4,1,1.4,0.714,0,0,,1,1.4,0.714,0.714,0.4,0.4,1,0.2,1.4,1.6,0.2,0.2,0,0.4,1.4,2.4
Dakari Johnson\johnsda04,C,22,OKC,11,3,6.9,0.9,1.9,0.476,0,0,,0.9,1.9,0.476,0.476,0.6,1.1,0.583,0.7,0.5,1.2,0.5,0.3,0.4,0.2,1.5,2.5
James Johnson\johnsja01,PF,30,MIA,20,5,27.5,4.3,8.6,0.503,1.1,2.8,0.382,3.3,5.8,0.56,0.564,1.9,2.8,0.679,1,4.2,5.2,4.3,1.1,0.7,2.6,2.9,11.6
Joe Johnson\johnsjo02,SF,36,UTA,7,0,19.1,2.6,6.6,0.391,0.3,2.4,0.118,2.3,4.1,0.552,0.413,0.9,1,0.857,0.6,2.1,2.7,1.6,0.6,0.3,1.4,1,6.3
Stanley Johnson\johnsst04,SF,21,DET,17,17,29.6,2.9,7.6,0.388,1.2,3.8,0.308,1.8,3.8,0.469,0.465,0.7,1.1,0.667,0.3,2.9,3.2,1.3,1.3,0.3,1,2.2,7.8
Tyler Johnson\johnsty01,PG,25,MIA,20,0,27.4,3.1,9,0.346,1.3,4.4,0.299,1.8,4.6,0.391,0.419,1.9,2,0.949,0.5,2.8,3.2,2.1,0.7,0.9,1.2,2.2,9.4
Wesley Johnson\johnswe01,SF,30,LAC,19,10,24.7,2.8,5.9,0.478,1.2,2.9,0.393,1.7,3,0.561,0.575,0.7,1.1,0.7,0.5,3.2,3.7,1.1,1,0.9,0.8,2.4,7.6
Nikola Jokic\jokicni01,C,22,DEN,20,20,30.1,6,11.8,0.511,1.4,3.5,0.406,4.6,8.3,0.554,0.57,2.5,2.9,0.86,2.7,8.3,11,4.6,1.5,0.7,2.3,2.5,15.9
Derrick Jones\jonesde02,SF,20,PHO,6,0,5.5,0.3,0.7,0.5,0,0.3,0,0.3,0.3,1,0.5,0.8,1,0.833,0.3,0.3,0.7,0.5,0.2,0.7,0.2,0.3,1.5
Jalen Jones\jonesja04,SF,24,NOP,3,0,3.3,0.3,1,0.333,0.3,0.3,1,0,0.7,0,0.5,0.7,0.7,1,0,0.7,0.7,0,0,0,0,0.3,1.7
Tyus Jones\jonesty01,PG,21,MIN,22,3,18.2,1.5,3.5,0.429,0.5,1.4,0.355,1,2.1,0.478,0.5,0.7,0.9,0.75,0.3,1.7,2,3,1.1,0.1,0.6,1.1,4.2
DeAndre Jordan\jordade01,C,29,LAC,19,19,32.4,4.2,6.4,0.661,0,0,,4.2,6.4,0.661,0.661,1.6,2.5,0.625,4.6,9.1,13.7,0.8,0.6,1.1,1.8,2.8,10
Cory Joseph\josepco01,PG,26,IND,22,0,24.5,2.8,6.7,0.415,1.1,2.5,0.463,1.6,4.2,0.387,0.5,1,1.1,0.88,0.2,2.3,2.5,3,1.1,0.3,1.1,1.5,7.7
Frank Kaminsky\kaminfr01,PF,24,CHO,19,0,24.6,4.1,9.5,0.425,1.2,3.6,0.338,2.8,5.9,0.478,0.489,1.7,2.2,0.805,0.5,3.5,4,1.6,0.3,0.2,0.9,1.2,11.1
Enes Kanter\kanteen01,C,25,NYK,18,18,26.1,6,9.3,0.643,0,0.1,0,6,9.3,0.647,0.643,2.1,2.3,0.902,3.8,6.6,10.4,1.3,0.7,0.5,1.7,2.6,14.1
Luke Kennard\kennalu01,SG,21,DET,15,0,16.1,2.4,5.7,0.424,0.9,2.3,0.4,1.5,3.3,0.44,0.506,0.4,0.6,0.667,0.1,1.7,1.8,1.3,0.7,0.1,1.1,1,6.1
Michael Kidd-Gilchrist\kiddgmi01,SF,24,CHO,14,14,25.2,3.8,7.7,0.491,0,0.1,0,3.8,7.6,0.495,0.491,1.3,1.8,0.72,1,3.1,4.1,0.6,0.4,0.9,0.4,1.9,8.9
Sean Kilpatrick\kilpase01,SG,28,BRK,14,0,11.6,1.6,5.6,0.282,0.6,2.6,0.25,0.9,3,0.31,0.34,1,1.1,0.933,0,2.3,2.3,1.1,0.1,0,1.1,0.5,4.8
Maxi Kleber\klebima01,PF,26,DAL,16,7,14.3,1.9,3.6,0.534,0.4,1.3,0.286,1.6,2.3,0.676,0.586,0.4,0.6,0.7,0.9,1.8,2.6,0.3,0.3,0.2,0.4,1.3,4.7
Furkan Korkmaz\korkmfu01,SG,20,PHI,5,0,2.4,0.2,1.2,0.167,0,0.8,0,0.2,0.4,0.5,0.167,0.4,0.4,1,0.2,0.4,0.6,0.2,0.2,0,0,0.2,0.8
Kyle Korver\korveky01,SG,36,CLE,21,0,21.6,3.5,7.1,0.487,2.6,5.8,0.443,0.9,1.3,0.679,0.667,1.2,1.4,0.867,0.1,2,2.2,0.8,0.4,0.3,0.6,1.9,10.8
Kosta Koufos\koufoko01,C,28,SAC,21,0,19.1,2.1,3.8,0.55,0,0,,2.1,3.8,0.55,0.55,0.7,1.6,0.455,1.8,4.1,5.9,1.1,0.6,0.7,0.6,1.9,4.9
Kyle Kuzma\kuzmaky01,PF,22,LAL,20,11,31.3,6.5,12.8,0.504,1.7,4.4,0.379,4.8,8.5,0.568,0.568,2.2,2.8,0.768,1.5,4.7,6.1,1.6,0.4,0.1,2,2.1,16.7
Mindaugas Kuzminskas\kuzmimi01,SF,28,NYK,1,0,2,0,2,0,0,0,,0,2,0,0,0,0,,0,0,0,0,0,0,0,0,0
Skal Labissiere\labissk01,PF,21,SAC,21,8,17.8,3.1,7.1,0.44,0.2,0.4,0.444,3,6.7,0.44,0.453,1.5,1.9,0.8,1.3,2.9,4.2,0.6,0.4,0.7,1,2.2,8
Jeremy Lamb\lambje01,SG,25,CHO,20,13,28.9,5.7,12.5,0.456,1.5,4,0.38,4.2,8.6,0.491,0.516,3.2,3.7,0.851,0.4,4.9,5.2,3.4,0.9,0.5,1.8,2.2,16.1
Shane Larkin\larkish01,PG,25,BOS,17,0,9.6,0.8,3.1,0.25,0.3,1.2,0.25,0.5,1.9,0.25,0.298,0.6,0.7,0.917,0.1,0.7,0.8,1.2,0.3,0,0.2,1,2.5
Joffrey Lauvergne\lauvejo01,C,26,SAS,10,0,10.3,1.3,3.4,0.382,0,0.3,0,1.3,3.1,0.419,0.382,0.4,0.7,0.571,1.3,2.1,3.4,0.8,0.2,0,0.6,1.2,3
Jake Layman\laymaja01,SF,23,POR,9,0,5.1,0.6,1.7,0.333,0.2,0.7,0.333,0.3,1,0.333,0.4,0,0,,0,0.6,0.6,0.2,0.3,0.2,0,0.6,1.3
T.J. Leaf\leaftj01,PF,20,IND,18,0,11.1,1.7,3.4,0.492,0.6,1.2,0.476,1.1,2.2,0.5,0.574,0.2,0.4,0.429,0.6,1.2,1.8,0.3,0.2,0.1,0.3,1.2,4.1
Courtney Lee\leeco01,SG,32,NYK,21,21,32.7,4.6,9.6,0.48,1.7,3.6,0.467,3,6,0.488,0.567,1.7,1.8,0.921,0.5,3.3,3.8,3,1.4,0.1,1.2,1.4,12.6
Alex Len\lenal01,C,24,PHO,20,2,23,2.9,6,0.483,0,0,,2.9,6,0.483,0.483,3.2,4.2,0.759,3.4,6.1,9.4,0.9,0.3,0.9,1.3,2.4,9
Meyers Leonard\leoname01,PF,25,POR,6,0,10.5,2,3.5,0.571,0.7,1.5,0.444,1.3,2,0.667,0.667,0.3,0.7,0.5,0.5,2.5,3,0.2,0.2,0,0.3,1.8,5
Jon Leuer\leuerjo01,PF,28,DET,8,0,17,1.9,4.5,0.417,0,0.4,0,1.9,4.1,0.455,0.417,1.6,1.9,0.867,0.9,3.1,4,0.6,0.1,0.4,1,2,5.4
Caris LeVert\leverca01,SF,23,BRK,21,8,25.8,4,9.8,0.413,1,3.4,0.278,3.1,6.4,0.485,0.461,1.5,2.5,0.596,0.5,3.3,3.9,3.2,1.3,0.4,2.1,2.2,10.5
DeAndre Liggins\liggide01,SG,29,MIL,16,0,15.7,0.9,2.5,0.375,0.6,1.5,0.375,0.4,1,0.375,0.488,0.1,0.3,0.4,0.1,1.1,1.2,0.7,0.9,0.5,0.6,1.8,2.6
Damian Lillard\lillada01,PG,27,POR,21,21,36.4,8,19.1,0.419,2.5,7.6,0.331,5.5,11.5,0.477,0.485,7.2,7.8,0.926,1,3.9,5,6.1,1,0.6,3,1.5,25.7
Jeremy Lin\linje01,PG,29,BRK,1,1,25,5,12,0.417,1,2,0.5,4,10,0.4,0.458,7,7,1,0,0,0,4,0,0,3,3,18
Shaun Livingston\livinsh01,PG,32,GSW,20,1,15.6,2.3,4.5,0.511,0,0.1,0,2.3,4.5,0.517,0.511,0.6,0.7,0.786,0.7,1.3,2,2.1,0.4,0.3,0.8,1.6,5.2
Kevon Looney\looneke01,C,21,GSW,15,0,11.7,1.4,2.6,0.538,0,0,,1.4,2.6,0.538,0.538,0.5,1.2,0.444,1.1,1.9,3,0.5,0.5,1,0.6,2.1,3.3
Brook Lopez\lopezbr01,C,29,LAL,21,21,23.2,5,11.3,0.443,1.2,4,0.301,3.8,7.3,0.519,0.496,2.2,2.7,0.807,1.2,3.3,4.5,1.7,0.4,1.7,1.6,3,13.4
Robin Lopez\lopezro01,C,29,CHI,19,19,29.7,5.6,11.5,0.491,0.1,0.4,0.286,5.5,11.1,0.498,0.495,1.4,1.8,0.765,2.8,2.8,5.6,2.1,0.2,0.8,1.8,2.4,12.7
Kevin Love\loveke01,C,29,CLE,21,21,29.4,5.9,12.8,0.463,1.7,4.8,0.356,4.2,8,0.527,0.53,5.1,5.8,0.893,2.7,7.3,10,1.9,0.8,0.5,2,2.6,18.7
Kyle Lowry\lowryky01,PG,31,TOR,20,20,32.6,5.4,11.9,0.456,3,7.2,0.417,2.4,4.7,0.516,0.582,2.9,3.2,0.906,0.6,5.7,6.3,7,0.9,0.2,2.6,2.4,16.7
Timothe Luwawu-Cabarrot\luwawti01,SF,22,PHI,19,0,16.4,2.4,6,0.395,1.1,3.5,0.318,1.3,2.5,0.5,0.487,1.3,1.7,0.758,0.4,1.2,1.6,0.9,0.4,0.1,0.9,2.1,7.2
Tyler Lydon\lydonty01,PF,21,DEN,1,0,2,0,0,,0,0,,0,0,,,0,0,,0,0,0,0,0,0,0,0,0
Trey Lyles\lylestr01,PF,22,DEN,15,0,9.3,1.6,3.3,0.48,0.5,1.3,0.35,1.1,2,0.567,0.55,0.5,0.7,0.7,0.6,1.7,2.3,0.4,0.3,0.3,0.7,0.5,4.1
Shelvin Mack\macksh01,PG,27,ORL,17,2,18.8,1.8,4.5,0.39,0.4,1.4,0.304,1.4,3.2,0.426,0.435,0.7,1,0.706,0.3,1.8,2.1,4.8,0.6,0.1,1,1.1,4.6
Josh Magette\magetjo01,PG,28,ATL,8,0,8,0.5,1.5,0.333,0.1,0.5,0.25,0.4,1,0.375,0.375,0.5,0.5,1,0.1,0.6,0.8,2.1,0.3,0,0.3,0.8,1.6
Ian Mahinmi\mahinia01,C,31,WAS,21,0,14.3,1.1,2.5,0.442,0,0,,1.1,2.5,0.442,0.442,1,1.3,0.714,1.7,2,3.7,0.6,0.4,0.4,1.2,3.1,3.1
Thon Maker\makerth01,C,20,MIL,19,8,19.1,1.8,4.5,0.407,0.5,1.8,0.286,1.3,2.7,0.49,0.465,0.8,1.2,0.652,1.1,2.5,3.6,0.7,0.7,0.7,0.7,2.6,5
Boban Marjanovic\marjabo01,C,29,DET,3,0,6.3,1.7,3,0.556,0,0,,1.7,3,0.556,0.556,1.7,2.3,0.714,1,0.7,1.7,0.3,0.3,0.3,1,2.7,5
Lauri Markkanen\markkla01,PF,20,CHI,19,19,30.6,4.9,12.5,0.392,2.5,7.2,0.343,2.4,5.3,0.46,0.492,2,2.5,0.792,1.1,7.1,8.2,1.5,0.5,0.6,1.4,1.6,14.3
Jarell Martin\martija01,PF,23,MEM,19,12,18.1,1.7,4.6,0.364,0.3,1.4,0.222,1.4,3.2,0.426,0.398,0.7,0.9,0.778,1.1,2.4,3.5,0.5,0.6,0.8,0.9,2.7,4.4
Frank Mason\masonfr01,PG,23,SAC,14,0,17.1,2.7,6.4,0.422,0.6,1.3,0.5,2.1,5.1,0.403,0.472,1.4,1.9,0.769,0.5,1.3,1.8,3.2,0.3,0,1.6,0.9,7.5
Mangok Mathiang\mathima01,C,25,CHO,1,0,3,0,2,0,0,0,,0,2,0,0,0,0,,1,1,2,0,0,0,0,0,0
Wesley Matthews\matthwe02,SG,31,DAL,22,21,35,4,10.4,0.38,2.5,6.2,0.412,1.4,4.2,0.333,0.502,1.2,1.5,0.794,0.4,2.8,3.1,2.9,1.2,0.1,1.6,2.2,11.7
Luc Mbah a Moute\mbahalu01,PF,31,HOU,19,3,26.5,2.9,5.8,0.495,1.2,2.9,0.393,1.7,2.9,0.6,0.595,0.9,1.3,0.72,0.5,2.9,3.5,1,1.5,0.5,1.4,2.2,7.9
James Michael McAdoo\mcadoja01,PF,25,PHI,1,0,7,1,4,0.25,1,4,0.25,0,0,,0.375,2,2,1,0,0,0,0,0,0,1,0,5
Patrick McCaw\mccawpa01,SG,22,GSW,20,1,13,1.5,3,0.5,0.5,1.3,0.385,1,1.7,0.588,0.583,0.3,0.4,0.714,0.2,0.7,0.9,1.3,0.6,0.2,0.5,0.8,3.8
C.J. McCollum\mccolcj01,SG,26,POR,20,20,36.3,7.9,17.3,0.457,2.9,5.9,0.487,5.1,11.5,0.441,0.539,2.9,3.3,0.877,0.6,3.7,4.3,2.5,1.1,0.4,2.1,2.5,21.5
T.J. McConnell\mccontj01,PG,25,PHI,20,1,24.4,3.1,5.8,0.526,0.5,0.8,0.563,2.6,5,0.52,0.565,0.5,0.6,0.833,0.6,3,3.6,5.4,1.2,0.2,2,2.2,7.1
Chris McCullough\mcculch01,PF,22,WAS,4,0,8.5,1.5,3.3,0.462,0.3,0.8,0.333,1.3,2.5,0.5,0.5,1,1.5,0.667,0.5,1.3,1.8,0.3,0,0.5,0,1.5,4.3
Doug McDermott\mcderdo01,SF,26,NYK,21,0,22.9,3.1,6.5,0.485,1.1,2.7,0.411,2,3.8,0.538,0.57,0.5,0.7,0.786,0.8,2.1,3,1,0.1,0.3,0.7,1.7,7.9
JaVale McGee\mcgeeja01,C,30,GSW,19,0,8.1,1.5,2.7,0.538,0,0.1,0,1.5,2.6,0.56,0.538,0.6,0.8,0.75,0.7,1.4,2.1,0.6,0.4,0.7,0.4,1.2,3.6
Alfonzo McKinnie\mckinal01,SF,25,TOR,7,0,3.6,0.6,0.9,0.667,0.1,0.4,0.333,0.4,0.4,1,0.75,0.3,0.4,0.667,0,0.7,0.7,0.1,0,0.1,0.1,0.9,1.6
Ben McLemore\mclembe01,SG,24,MEM,9,1,19.2,2.7,7,0.381,0.6,2.9,0.192,2.1,4.1,0.514,0.421,0.8,0.8,1,0.7,1.6,2.2,0.8,0.4,0.3,1.1,2.8,6.7
Jodie Meeks\meeksjo01,SG,30,WAS,21,0,17.2,2.4,6.2,0.389,1.1,3.4,0.324,1.3,2.9,0.467,0.477,2.1,2.4,0.882,0.1,1,1.1,0.5,0.6,0,0.5,1,8.1
Salah Mejri\mejrisa01,C,31,DAL,18,1,12.2,1.3,1.8,0.697,0,0.1,0,1.3,1.7,0.742,0.697,0.7,1.3,0.522,1.5,3.1,4.6,0.5,0.4,1.4,0.5,1.9,3.2
Jordan Mickey\mickejo01,PF,23,MIA,4,2,9.3,1.5,2.8,0.545,0,0.3,0,1.5,2.5,0.6,0.545,0.5,0.8,0.667,1,3.3,4.3,0,0,0.5,0.8,1.3,3.5
Khris Middleton\middlkh01,SF,26,MIL,19,19,36.8,7.1,16,0.444,1.6,5.2,0.316,5.5,10.8,0.505,0.495,3.1,3.6,0.855,0.6,4.9,5.5,4.4,1.4,0.1,2.5,3.7,18.9
C.J. Miles\milescj01,SF,30,TOR,17,0,19.2,3.4,8.3,0.411,2.5,6.4,0.398,0.9,1.9,0.455,0.564,1.1,1.2,0.9,0.3,1.7,2,0.6,0.6,0.5,0.6,2,10.4
Darius Miller\milleda01,SF,27,NOP,21,1,17.5,2.4,4.9,0.49,1.9,3.8,0.488,0.5,1,0.5,0.681,0.5,0.6,0.846,0.1,1.5,1.6,0.9,0.3,0.1,0.6,1.7,7.1
Patty Mills\millspa02,PG,29,SAS,21,12,26.3,3.1,8.7,0.363,1.7,5.1,0.336,1.4,3.6,0.4,0.462,1,1.1,0.913,0.3,2,2.3,3.7,0.9,0.2,1.3,1.5,9
Paul Millsap\millspa01,PF,32,DEN,16,16,29.7,5.6,12.6,0.446,1.3,3.6,0.345,4.4,9,0.486,0.495,2.8,4.1,0.692,1.5,4.7,6.2,3,1.1,1.3,2.1,2.4,15.3
Donovan Mitchell\mitchdo01,SG,21,UTA,21,13,28.3,5.5,14.3,0.383,2,5.8,0.344,3.5,8.5,0.41,0.453,1.9,2.3,0.816,0.7,2.6,3.2,3.1,1.4,0.5,2.2,3.1,14.9
Malik Monk\monkma01,SG,19,CHO,18,0,17.5,2.7,7.7,0.353,1.6,4.5,0.346,1.2,3.2,0.362,0.453,0.6,0.7,0.769,0.1,1.4,1.6,1.8,0.3,0.2,0.9,1.1,7.6
Greg Monroe\monrogr01,C,27,TOT,12,6,19.1,4.4,7.8,0.57,0,0,,4.4,7.8,0.57,0.57,0.7,1,0.667,2,4.2,6.2,1.7,0.4,0.3,1.7,1.8,9.5
Greg Monroe\monrogr01,C,27,MIL,5,0,15.8,3.2,6.6,0.485,0,0,,3.2,6.6,0.485,0.485,0.4,0.8,0.5,1.2,3.8,5,1,0,0,1.2,1.4,6.8
Greg Monroe\monrogr01,C,27,PHO,7,6,21.4,5.3,8.6,0.617,0,0,,5.3,8.6,0.617,0.617,0.9,1.1,0.75,2.6,4.4,7,2.1,0.7,0.4,2,2,11.4
E'Twaun Moore\mooreet01,SG,28,NOP,21,19,30.3,4.8,9.5,0.5,1.3,3.6,0.373,3.4,6,0.576,0.57,0.4,0.6,0.615,0.8,1.7,2.5,2,1,0.1,1,2.2,11.2
Eric Moreland\moreler01,PF,26,DET,17,0,10.6,0.5,1.1,0.5,0,0,,0.5,1.1,0.5,0.5,0.1,0.2,0.5,1.1,2.1,3.2,0.9,0.2,0.8,0.5,2,1.2
Marcus Morris\morrima03,SF,28,BOS,12,9,23.6,4.4,10.4,0.424,1.4,3.6,0.395,3,6.8,0.439,0.492,2.4,2.8,0.853,0.5,4.9,5.4,1.4,0.7,0.3,1.1,1.7,12.7
Markieff Morris\morrima02,PF,28,WAS,14,14,22.6,3.6,8.6,0.421,1,2.9,0.341,2.6,5.7,0.463,0.479,0.7,0.9,0.833,0.8,3.6,4.4,1.1,0.6,0.4,1.6,3,9
Timofey Mozgov\mozgoti01,C,31,BRK,16,14,15.1,2.1,3.7,0.576,0.2,0.9,0.2,1.9,2.8,0.705,0.602,0.6,0.9,0.667,1.5,2.9,4.4,0.2,0.2,0.5,1.3,1.4,5.1
Emmanuel Mudiay\mudiaem01,PG,21,DEN,20,0,22.5,3.6,8.8,0.403,1.1,2.6,0.404,2.5,6.2,0.403,0.463,2.3,3,0.767,0.6,2.3,2.9,3.4,0.5,0.2,2.4,1.6,10.5
Shabazz Muhammad\muhamsh01,SF,25,MIN,21,2,11.8,1.7,4.3,0.389,0.2,0.9,0.211,1.5,3.4,0.437,0.411,0.6,0.9,0.722,0.6,1.2,1.8,0.3,0.2,0.1,0.1,0.9,4.1
Dejounte Murray\murrade01,PG,21,SAS,21,7,19.6,2.7,6.5,0.409,0.1,0.4,0.375,2.5,6.1,0.411,0.42,1.6,2.1,0.75,1.2,3.3,4.5,2.6,0.9,0.2,1.6,1.5,7
Jamal Murray\murraja01,PG,20,DEN,20,20,26.8,5.3,12.1,0.436,1.2,4.7,0.258,4.1,7.4,0.547,0.485,2.2,2.4,0.915,1.2,1.8,2.9,2.4,0.7,0.2,2.2,2,13.9
Mike Muscala\muscami01,C,26,ATL,9,5,22.4,2.3,5.7,0.412,0.7,2.1,0.316,1.7,3.6,0.469,0.471,1.2,1.3,0.917,1.2,3.2,4.4,1,0.8,0.6,0.9,2.6,6.6
Abdel Nader\naderab01,SF,24,BOS,11,0,7,0.6,1.7,0.368,0.2,0.6,0.286,0.5,1.1,0.417,0.421,0,0,,0.2,0.6,0.8,0.3,0.2,0.2,0.5,0.5,1.5
Larry Nance\nancela02,PF,25,LAL,10,10,23.7,3.9,6.6,0.591,0,0.2,0,3.9,6.4,0.609,0.591,1.6,2.2,0.727,2.1,5.1,7.2,1.2,1.9,0.7,1.4,3.1,9.4
Shabazz Napier\napiesh01,PG,26,POR,17,0,16.3,2.6,5.2,0.494,0.9,1.7,0.517,1.7,3.5,0.483,0.579,1.3,1.6,0.815,0.2,1.5,1.7,1.5,0.9,0.1,0.7,0.9,7.4
Jameer Nelson\nelsoja01,PG,35,NOP,19,0,25.6,2.4,5.3,0.446,1.1,2.7,0.392,1.3,2.6,0.5,0.545,0.6,0.8,0.8,0.3,2.2,2.5,4.6,0.9,0.1,1.7,1.6,6.4
Raul Neto\netora01,PG,25,UTA,14,0,14,2,4.2,0.475,0.6,1.4,0.421,1.4,2.9,0.5,0.542,0.5,0.7,0.7,0.1,1.1,1.3,1.9,0.4,0.1,0.9,1,5.1
Joakim Noah\noahjo01,C,32,NYK,1,0,3,1,1,1,0,0,,1,1,1,1,0,0,,0,1,1,0,0,1,0,1,2
Nerlens Noel\noelne01,C,23,DAL,18,6,12.5,1.6,2.9,0.528,0,0,,1.6,2.9,0.528,0.528,0.9,1.1,0.842,1.4,2.6,4.1,0.3,0.6,0.6,0.8,1.7,4
Lucas Nogueira\noguelu01,C,25,TOR,17,2,12,1.6,2.8,0.596,0.2,0.6,0.3,1.5,2.2,0.676,0.628,0.4,0.5,0.778,0.5,2.2,2.7,0.4,0.6,1.2,0.5,1.6,3.9
Dirk Nowitzki\nowitdi01,C,39,DAL,22,22,24.9,4.4,9.6,0.455,1.4,3.5,0.395,3,6.1,0.489,0.526,0.9,1,0.87,0.5,5.4,5.9,1.8,0.5,0.3,0.9,1.9,11
Frank Ntilikina\ntilila01,PG,19,NYK,18,0,19,1.9,5.5,0.343,0.4,1.8,0.25,1.4,3.7,0.388,0.384,0.5,0.8,0.643,0.3,1.4,1.8,3.3,1.4,0.2,2,2.6,4.7
Jusuf Nurkic\nurkiju01,C,23,POR,21,21,28,6.2,13.6,0.456,0,0.2,0,6.2,13.3,0.464,0.456,2.6,4.2,0.625,1.8,5.9,7.7,2.1,0.7,1.2,3,3,15
David Nwaba\nwabada01,SG,25,CHI,8,3,21,2.5,4.8,0.526,0.3,0.6,0.4,2.3,4.1,0.545,0.553,1.6,2.3,0.722,0.4,5.1,5.5,1,0.8,0.8,0.5,1.8,6.9
Johnny O'Bryant\obryajo01,PF,24,CHO,8,0,9.4,2,4.3,0.471,0.3,0.9,0.286,1.8,3.4,0.519,0.5,1,1,1,0.8,1.4,2.1,0.4,0.3,0.3,0.4,0.8,5.3
Royce O'Neale\onealro01,SF,24,UTA,12,0,7.9,0.8,2.3,0.37,0.3,1.1,0.308,0.5,1.2,0.429,0.444,0.4,0.7,0.625,0.1,1.3,1.3,0.5,0.3,0,0.3,0.6,2.4
Kyle O'Quinn\oquinky01,C,27,NYK,21,3,16.8,2.5,4.6,0.546,0,0.1,0,2.5,4.5,0.564,0.546,1.3,1.6,0.818,1.6,4.9,6.5,2.1,0.5,1,1.8,2.7,6.3
Semi Ojeleye\ojelese01,PF,23,BOS,21,0,13.7,0.9,2.6,0.327,0.6,2.1,0.295,0.2,0.5,0.455,0.445,0.5,0.8,0.625,0.5,1.4,1.9,0.2,0.4,0,0.3,1,2.8
Jahlil Okafor\okafoja01,C,22,PHI,2,0,12.5,2,4.5,0.444,0,0,,2,4.5,0.444,0.444,1,2,0.5,2,2.5,4.5,0.5,0,1,1.5,3.5,5
Victor Oladipo\oladivi01,SG,25,IND,21,21,33.1,8.2,17.5,0.47,2.3,5.3,0.438,5.9,12.2,0.484,0.537,4,5,0.8,0.7,4.3,5,3.9,1.8,1,3.2,2.6,22.8
Kelly Olynyk\olynyke01,PF,26,MIA,21,1,19.1,3.2,6.1,0.531,1.2,2.5,0.491,2,3.6,0.56,0.633,1.5,1.9,0.795,0.9,4.4,5.3,1.6,0.6,0.5,2,3,9.2
Cedi Osman\osmande01,SF,22,CLE,13,0,4.8,0.5,1.1,0.5,0.2,0.5,0.333,0.4,0.6,0.625,0.571,0.2,0.2,1,0.1,1.2,1.2,0.2,0.1,0.1,0.2,0.5,1.4
Kelly Oubre\oubreke01,SF,22,WAS,21,6,28.1,4,9.4,0.429,1.7,4.2,0.393,2.4,5.2,0.459,0.518,2.1,2.7,0.804,1,4.5,5.5,1,0.9,0.5,1.1,2.7,11.9
Zaza Pachulia\pachuza01,C,33,GSW,22,22,14.6,2,3.7,0.549,0,0,,2,3.7,0.549,0.549,1,1.2,0.808,1.2,3.6,4.8,1.5,0.9,0.2,1.4,1.8,5
Marcus Paige\paigema01,PG,24,CHO,1,0,3,0,2,0,0,0,,0,2,0,0,0,0,,0,2,2,0,0,0,0,0,0
Georgios Papagiannis\papagge01,C,20,SAC,4,0,6.3,1.3,1.8,0.714,0,0,,1.3,1.8,0.714,0.714,0,0,,0.3,1,1.3,0.3,0.3,0.3,0.3,0.3,2.5
Tony Parker\parketo01,PG,35,SAS,2,2,16,3.5,7,0.5,0,0,,3.5,7,0.5,0.5,1,1,1,0,1,1,4.5,0,0,0.5,1.5,8
Chandler Parsons\parsoch01,SF,29,MEM,17,5,19.9,3.2,6.2,0.519,1.6,3.4,0.483,1.6,2.8,0.563,0.651,0.5,0.8,0.571,0.4,2.4,2.7,2,0.5,0.2,0.9,1.6,8.6
Patrick Patterson\pattepa01,PF,28,OKC,20,0,13.7,0.9,2.6,0.353,0.7,1.9,0.342,0.3,0.7,0.385,0.48,0.1,0.1,1,0.2,1.3,1.5,0.5,0.6,0.2,0.4,1.2,2.6
Brandon Paul\paulbr01,SG,26,SAS,21,0,11.6,1.3,2.6,0.5,0.6,1.4,0.4,0.7,1.1,0.625,0.611,0.3,0.6,0.538,0.1,1.1,1.2,0.9,0.7,0.1,0.7,1.1,3.5
Chris Paul\paulch01,PG,32,HOU,7,7,28.1,3.9,9.3,0.415,1.9,4.7,0.394,2,4.6,0.438,0.515,1.6,1.9,0.846,0.7,3.6,4.3,10.3,1.9,0.3,1.3,2,11.1
Elfrid Payton\paytoel01,PG,23,ORL,13,13,26.2,4.6,9.2,0.504,0.6,1.5,0.4,4,7.6,0.525,0.538,1.1,2.2,0.5,1.2,2.6,3.8,6.7,1.5,0.4,2.8,2.1,10.9
Gary Payton\paytoga02,PG,25,MIL,6,2,7.3,1,2.3,0.429,0.2,1,0.167,0.8,1.3,0.625,0.464,0,0,,0.2,0.8,1,0.7,0.2,0,0.3,1.5,2.2
Alec Peters\peteral01,PF,22,PHO,2,0,7,0.5,2,0.25,0.5,2,0.25,0,0,,0.375,0,0,,0,1.5,1.5,0,0,1,0,0.5,1.5
Mason Plumlee\plumlma01,C,27,DEN,20,0,16.7,2.4,4.5,0.522,0,0.1,0,2.4,4.5,0.528,0.522,1.2,2.7,0.434,1.6,2.8,4.3,1.5,0.8,0.9,1.5,1.7,5.9
Miles Plumlee\plumlmi01,C,29,ATL,1,0,9,0,0,,0,0,,0,0,,,0,0,,0,0,0,0,0,0,1,0,0
Jakob Poeltl\poeltja01,C,22,TOR,20,0,14.9,2.9,4.3,0.674,0,0,,2.9,4.3,0.674,0.674,0.6,1.3,0.44,2,2.3,4.3,0.4,0.4,1,0.9,2.1,6.4
Quincy Pondexter\pondequ01,SF,29,CHI,14,1,11,0.9,3,0.31,0.2,1.4,0.158,0.7,1.6,0.435,0.345,1,1.2,0.824,0.5,0.9,1.4,0.4,0.5,0.1,0.6,1.5,3.1
Otto Porter\porteot01,SF,24,WAS,20,20,32.9,6.3,12.1,0.521,1.9,4,0.475,4.4,8.1,0.543,0.599,1.4,1.7,0.824,1.3,5.9,7.2,1.5,1.7,0.4,0.9,2.3,15.9
Bobby Portis\portibo01,PF,22,CHI,11,0,22.5,4.6,10.2,0.455,1.2,3.3,0.361,3.5,6.9,0.5,0.513,2,2.5,0.815,2,5.2,7.2,1.7,0.3,0.4,1.5,1.2,12.5
Kristaps Porzingis\porzikr01,PF,22,NYK,19,19,31.5,9,19.3,0.467,1.9,4.9,0.398,7.1,14.4,0.491,0.518,5.8,6.9,0.841,1.2,5.6,6.8,1.1,0.5,2.1,2.4,2.8,25.8
Dwight Powell\poweldw01,C,26,DAL,21,0,17.2,2.3,4.7,0.485,0.4,1.6,0.242,1.9,3.1,0.606,0.525,0.8,1.3,0.593,1.3,3.4,4.7,1,0.9,0.4,0.6,1.8,5.7
Norman Powell\powelno01,SG,24,TOR,16,12,22.9,3.5,8,0.438,1.3,3.7,0.356,2.2,4.3,0.507,0.52,1.3,1.6,0.8,0.3,1.8,2.1,1.9,1.2,0.4,1.4,2.2,9.6
Alex Poythress\poythal01,PF,24,IND,7,0,2.9,0.3,0.4,0.667,0.3,0.3,1,0,0.1,0,1,0,0,,0,0.6,0.6,0,0,0,0.1,0.1,0.9
Jacob Pullen\pulleja01,PG,28,PHI,2,0,1,0,0.5,0,0,0.5,0,0,0,,0,0,0,,0,0,0,0,0,0,0,0,0
Zhou Qi\qizh01,C,22,HOU,11,0,5.3,0.4,1.8,0.2,0.2,1,0.182,0.2,0.8,0.222,0.25,0.5,0.5,0.833,0.2,0.8,1,0.1,0.2,0.5,0.4,0.8,1.4
Ivan Rabb\rabbiv01,PF,20,MEM,1,0,1,0,0,,0,0,,0,0,,,0,0,,0,0,0,0,0,0,0,0,0
Julius Randle\randlju01,C,23,LAL,21,0,22.2,4.8,8.7,0.555,0.2,0.9,0.222,4.6,7.8,0.591,0.566,2.7,4,0.675,1.3,5.2,6.6,1.7,0.4,0.9,2.3,3.4,12.5
Zach Randolph\randoza01,PF,36,SAC,19,19,24.1,5.4,11.4,0.472,0.6,1.8,0.353,4.7,9.6,0.495,0.5,1.5,2,0.763,1.6,4.3,5.9,2,0.9,0.2,1.9,1.6,12.9
J.J. Redick\redicjj01,SG,33,PHI,18,18,33.1,5.6,12.9,0.429,2.4,6.3,0.389,3.1,6.7,0.467,0.524,1.8,1.9,0.914,0.3,2.7,2.9,3.5,0.6,0.1,1.3,2.3,15.3
Willie Reed\reedwi02,C,27,LAC,18,0,10.9,2.4,3.4,0.705,0.1,0.1,1,2.3,3.3,0.7,0.713,1.1,1.7,0.613,0.9,2.3,3.2,0.2,0.2,0.4,0.5,1.8,5.9
Josh Richardson\richajo01,SF,24,MIA,21,21,32.4,3.3,9,0.368,1.3,5,0.269,2,4.1,0.488,0.442,0.8,1,0.762,0.6,2.4,3,2,1.3,0.7,2.2,3,8.8
Malachi Richardson\richama01,SG,22,SAC,12,0,11.7,1.3,3.5,0.357,0.6,1.5,0.389,0.7,2,0.333,0.44,0.8,1.1,0.769,0.2,0.8,0.9,0.5,0.5,0,0.3,1.2,3.9
Austin Rivers\riverau01,SG,25,LAC,19,17,33.5,4.8,12.6,0.381,2.1,5.4,0.379,2.7,7.2,0.382,0.462,1.6,2.5,0.638,0.6,1.5,2.1,3.3,1.6,0.1,1.8,2.7,13.2
Andre Roberson\roberan03,SF,26,OKC,20,20,24.5,2.1,4.1,0.5,0.4,1.4,0.25,1.7,2.7,0.63,0.543,0.2,0.6,0.333,1.7,2.4,4.1,1.2,0.7,0.7,0.9,1.8,4.7
Rajon Rondo\rondora01,PG,31,NOP,8,7,22,2.3,5.8,0.391,0.3,1.6,0.154,2,4.1,0.485,0.413,0,0,,0.5,2,2.5,6,0.6,0.3,1.8,2,4.8
Derrick Rose\rosede01,PG,29,CLE,7,7,26.9,5.6,11.9,0.47,0.4,1.9,0.231,5.1,10,0.514,0.488,2.7,3,0.905,1,1.6,2.6,1.7,0.3,0.1,2.7,1.6,14.3
Terrence Ross\rosste01,SG,26,ORL,22,20,26.2,3.3,8,0.407,1.3,3.9,0.329,2,4.2,0.478,0.486,1.2,1.6,0.743,0.5,2.7,3.2,1.6,1.2,0.5,1.1,2,9
Terry Rozier\roziete01,PG,23,BOS,22,0,23.5,3.3,8.7,0.38,1.6,4.5,0.367,1.7,4.3,0.394,0.474,1.2,1.5,0.818,0.8,3.7,4.5,2,1.1,0,0.7,1.3,9.5
Ricky Rubio\rubiori01,PG,27,UTA,20,20,28.9,4.2,10.7,0.394,1.3,4.3,0.294,3,6.4,0.461,0.453,3.3,3.7,0.904,0.5,3.1,3.6,5.1,1.7,0.2,3.3,2.8,13
D'Angelo Russell\russeda01,PG,21,BRK,12,12,27.8,7.9,17.1,0.463,1.5,5.1,0.295,6.4,12,0.535,0.507,3.6,5.3,0.683,0.8,3.9,4.7,5.7,1,0.2,4,2.5,20.9
Domantas Sabonis\sabondo01,PF,21,IND,20,8,25.5,4.7,8.5,0.556,0.3,0.6,0.455,4.5,7.9,0.563,0.571,3.2,4.1,0.768,2.7,6.1,8.8,2.4,0.3,0.4,2.1,3.1,12.8
JaKarr Sampson\sampsja02,SF,24,SAC,2,0,6.5,1,2,0.5,0,0.5,0,1,1.5,0.667,0.5,1,1,1,1,1.5,2.5,0.5,0,0,0,2,3
Dario Saric\saricda01,PF,23,PHI,20,15,27.9,4.1,9.9,0.411,1.5,4.5,0.337,2.6,5.4,0.472,0.487,1.3,1.5,0.862,1.9,4.4,6.2,1.7,0.5,0.5,1.5,2,10.9
Tomas Satoransky\satorto01,SG,26,WAS,12,0,13.5,1.4,3.2,0.447,0.3,0.7,0.375,1.2,2.5,0.467,0.487,0.7,1,0.667,0.6,1.3,1.9,2.5,0.4,0,0.5,1.5,3.8
Dennis Schroder\schrode01,PG,24,ATL,18,18,32.1,7.7,17.1,0.451,1.2,3.5,0.349,6.5,13.6,0.478,0.487,3.1,3.5,0.873,0.7,2.2,2.8,6.8,1.2,0,3.1,1.9,19.7
Mike Scott\scottmi01,PF,29,WAS,18,0,18.1,3.3,6.2,0.536,0.8,1.8,0.424,2.6,4.4,0.582,0.598,0.8,1.1,0.75,0.5,2.9,3.4,0.5,0.3,0.2,1.1,1.7,8.3
Thabo Sefolosha\sefolth01,SF,33,UTA,20,1,20.6,2.7,5.6,0.486,0.8,2.1,0.39,1.9,3.5,0.543,0.559,1.2,1.4,0.852,0.7,3.7,4.4,0.9,1.5,0.2,0.8,1.5,7.4
Wayne Selden\seldewa01,SG,23,MEM,2,0,9.5,1,2,0.5,0.5,1,0.5,0.5,1,0.5,0.625,1,1,1,0,1,1,2,0.5,0,1.5,0,3.5
Ramon Sessions\sessira01,PG,31,NYK,8,3,16.4,1.8,4.9,0.359,0.1,1.1,0.111,1.6,3.8,0.433,0.372,1.5,1.9,0.8,0.1,1.5,1.6,3.1,0.9,0.1,1.5,1.5,5.1
Iman Shumpert\shumpim01,SG,27,CLE,13,6,20.8,1.7,4.4,0.386,0.5,1.9,0.28,1.2,2.5,0.469,0.447,0.8,1.2,0.733,0.5,2.5,3.1,1.3,0.7,0.4,1.3,1.5,4.8
Pascal Siakam\siakapa01,PF,23,TOR,19,4,21,3.5,6.4,0.545,0.5,2.1,0.225,3,4.3,0.704,0.583,0.3,0.8,0.313,0.9,3.7,4.6,1.7,0.9,0.5,0.8,1.7,7.7
Ben Simmons\simmobe01,PG,21,PHI,19,19,35.4,7.7,15.2,0.51,0,0.4,0,7.7,14.7,0.525,0.51,3.3,5.9,0.554,2.3,7.3,9.5,7.2,2.1,0.8,3.6,2.6,18.7
Jonathon Simmons\simmojo02,SG,28,ORL,22,3,25.5,5,10.1,0.493,0.9,2.4,0.377,4.1,7.7,0.529,0.538,3,4.1,0.736,0.7,2.1,2.8,1.9,0.7,0,2,2.5,14
Kobi Simmons\simmoko01,PG,20,MEM,1,0,5,1,1,1,0,0,,1,1,1,1,0,0,,0,0,0,0,0,0,0,1,2
Kyle Singler\singlky01,SF,29,OKC,1,0,2,1,1,1,0,0,,1,1,1,1,0,0,,0,0,0,0,0,0,0,0,2
Marcus Smart\smartma01,SG,23,BOS,20,3,30.8,3.2,10.1,0.312,1.4,4.9,0.289,1.8,5.3,0.333,0.381,2.2,3,0.729,1,3.4,4.4,5.2,1.3,0.5,2.2,2.5,9.9
Dennis Smith\smithde03,PG,20,DAL,20,20,28.4,5.7,14.7,0.388,1.5,5.1,0.297,4.2,9.7,0.435,0.439,1.5,2.1,0.69,0.8,3.1,3.9,4.3,0.9,0.3,3.2,1.9,14.4
Ish Smith\smithis01,PG,29,DET,20,0,19.8,4.4,8.6,0.509,0.2,0.9,0.235,4.2,7.7,0.539,0.52,0.8,1.1,0.727,0.3,2,2.3,4.1,0.4,0.3,1.2,1.8,9.7
J.R. Smith\smithjr01,SG,32,CLE,21,18,30.8,3,8.1,0.371,1.8,5.8,0.314,1.2,2.3,0.51,0.482,0.3,0.6,0.583,0.3,2.6,2.9,2,1,0,0.9,2.5,8.1
Jason Smith\smithja02,C,31,WAS,8,2,9.5,0.9,3.1,0.28,0.1,1.6,0.077,0.8,1.5,0.5,0.3,0.9,0.9,1,0.8,0.8,1.5,0.1,0,0.6,0.4,1.8,2.8
Josh Smith\smithjo03,PF,32,NOP,3,0,4,0.3,1.3,0.25,0,0,,0.3,1.3,0.25,0.25,0,0,,1,0.3,1.3,0,0,0,0,1,0.7
Tony Snell\snellto01,SG,26,MIL,19,17,32.1,3.4,6.2,0.556,1.8,3.6,0.493,1.6,2.5,0.646,0.701,0.6,0.8,0.75,0.2,2,2.2,1.8,0.7,0.4,0.6,1.8,9.3
Marreese Speights\speigma01,C,30,ORL,17,0,12,3,6.8,0.44,2,4.8,0.42,1,2.1,0.486,0.586,0.4,0.7,0.583,0.4,2,2.4,0.5,0.2,0.3,0.5,1.8,8.4
Nik Stauskas\stausni01,SG,24,PHI,3,0,6.3,0.3,0.7,0.5,0,0,,0.3,0.7,0.5,0.5,0.7,0.7,1,0,0.3,0.3,0,0.7,0,0.7,0.3,1.3
Lance Stephenson\stephla01,SG,27,IND,22,1,21.5,3,7,0.435,0.7,2.1,0.326,2.4,4.9,0.481,0.484,1.1,2,0.581,0.9,4.2,5.1,2.7,0.6,0.2,1.5,1.8,7.9
Julyan Stone\stoneju01,SG,29,CHO,2,0,9,1,2,0.5,1,2,0.5,0,0,,0.75,0,0,,0,2.5,2.5,1,1,0,1,1.5,3
Caleb Swanigan\swanica01,PF,20,POR,13,3,9.8,1.1,3.1,0.35,0.1,0.4,0.2,1,2.7,0.371,0.363,0.6,1,0.615,0.9,1.8,2.8,0.7,0.3,0.2,0.8,1.8,2.8
Jayson Tatum\tatumja01,SF,19,BOS,22,22,30.6,4.5,9.2,0.49,1.5,3,0.478,3,6.1,0.496,0.569,3.2,3.8,0.845,0.9,4.5,5.4,1.5,0.9,0.9,1.5,2.5,13.7
Isaiah Taylor\taylois01,PG,23,ATL,13,0,16.1,2.2,4.7,0.475,0.5,1.1,0.429,1.8,3.6,0.489,0.525,1.2,1.7,0.727,0.1,1.1,1.2,2.4,0.5,0.3,1.2,1.1,6.2
Jeff Teague\teaguje01,PG,29,MIN,18,18,33.9,4.8,11.6,0.418,1.5,3.7,0.403,3.3,7.8,0.426,0.483,2.8,3.5,0.81,0.4,2.7,3.1,7.5,1.8,0.4,3.3,2.6,14
Mirza Teletovic\teletmi01,PF,32,MIL,10,0,15.9,2.5,5.7,0.439,2.1,4.5,0.467,0.4,1.2,0.333,0.623,0,0,,0.3,2,2.3,1,0.4,0.1,0.7,1.4,7.1
Garrett Temple\templga01,SG,31,SAC,20,14,25.3,2.8,7.3,0.386,1.5,3.7,0.405,1.3,3.6,0.366,0.49,1.1,1.4,0.778,0.2,2.1,2.3,1.6,1.1,0.5,1.3,2.1,8.2
Milos Teodosic\teodomi01,PG,30,LAC,2,2,16,2,6,0.333,1.5,3.5,0.429,0.5,2.5,0.2,0.458,0,0,,0,0.5,0.5,4,0,0.5,1.5,1.5,5.5
Jason Terry\terryja01,SG,40,MIL,7,0,8.4,0.3,1.7,0.167,0.1,1.3,0.111,0.1,0.4,0.333,0.208,0.3,0.3,1,0,0.7,0.7,0.9,0.6,0.1,0.3,0.4,1
Daniel Theis\theisda01,C,25,BOS,20,2,12.5,1.7,3,0.55,0.2,0.5,0.3,1.5,2.5,0.6,0.575,0.9,1.1,0.773,1.4,2.6,4,0.4,0.4,0.7,1.3,2.4,4.3
Lance Thomas\thomala01,PF,29,NYK,18,0,14.6,1.2,3.3,0.373,0.5,1.3,0.391,0.7,2,0.361,0.449,0.7,0.9,0.765,0.7,1.9,2.6,0.4,0.2,0,0.6,1.5,3.7
Klay Thompson\thompkl01,SG,27,GSW,22,22,33,7.9,16.2,0.489,3.5,7.6,0.461,4.4,8.6,0.513,0.597,0.9,1,0.909,0.5,3.8,4.3,2.4,0.7,0.8,1.6,2,20.2
Tristan Thompson\thomptr01,C,26,CLE,8,5,21.6,1.9,3.3,0.577,0,0,,1.9,3.3,0.577,0.577,0.6,1.4,0.455,2.1,4.3,6.4,0.4,0.1,0.5,0.8,2,4.4
Sindarius Thornwell\thornsi01,SG,23,LAC,19,6,16.4,1.6,3.6,0.449,0.5,1.1,0.45,1.2,2.6,0.449,0.514,0.7,1.1,0.667,0.4,0.6,1,0.7,0.6,0.4,0.8,2.3,4.5
Anthony Tolliver\tollian01,PF,32,DET,17,0,17.8,2.1,5,0.424,1.4,3.9,0.358,0.7,1.1,0.667,0.565,1.1,1.6,0.704,0.8,2,2.8,1.1,0.6,0.4,0.6,1.5,6.8
Karl-Anthony Towns\townska01,C,22,MIN,22,22,34.3,7.7,14.6,0.526,1.3,3.6,0.363,6.4,11,0.581,0.572,3.7,4.3,0.863,2.8,8.9,11.7,1.5,0.5,1.3,2.1,3.5,20.4
P.J. Tucker\tuckepj01,SF,32,HOU,21,2,27.5,2,5,0.41,1.3,3.6,0.373,0.7,1.4,0.5,0.543,0.8,1,0.81,1.3,4.7,6,1,1.3,0.3,1.1,2.7,6.2
Evan Turner\turneev01,SF,29,POR,21,1,26.4,3.1,8,0.385,0.4,1.8,0.211,2.7,6.2,0.435,0.408,1.5,1.7,0.861,0.5,3.4,3.9,2.3,0.8,0.5,1.7,2.2,8
Myles Turner\turnemy01,C,21,IND,15,14,28.9,5.4,11.3,0.476,0.9,2.5,0.378,4.5,8.9,0.504,0.518,2.2,2.8,0.786,1,6.6,7.6,1.3,0.3,2.5,1.5,3,13.9
Ekpe Udoh\udohek01,C,30,UTA,21,0,14.9,0.9,1.9,0.45,0,0,,0.9,1.9,0.45,0.45,0.8,1,0.8,1.2,1.1,2.4,1.3,0.6,1.5,0.5,2.2,2.5
Tyler Ulis\ulisty01,PG,22,PHO,22,10,22.6,3,7.8,0.386,0.4,1.5,0.242,2.6,6.3,0.42,0.409,1.6,2,0.814,0.2,1.6,1.8,3.9,1.1,0,2,1.5,8
Jonas Valanciunas\valanjo01,C,25,TOR,16,16,20.3,4.1,7.3,0.564,0.1,0.3,0.2,4.1,7,0.58,0.568,2,2.3,0.865,2.1,4.9,7,0.8,0.3,0.6,1.6,2.9,10.3
Denzel Valentine\valende01,SG,24,CHI,19,8,28.7,3.9,10.2,0.383,2.4,5.6,0.421,1.5,4.5,0.337,0.5,0.2,0.2,0.75,0.7,4.5,5.3,3.1,0.9,0.1,1.1,2,10.3
Fred VanVleet\vanvlfr01,PG,23,TOR,20,0,15.8,2.1,5.5,0.385,0.8,2.3,0.348,1.3,3.2,0.413,0.459,0.8,1,0.842,0.2,1.4,1.6,2.8,0.9,0.2,0.9,1.4,5.8
Rashad Vaughn\vaughra01,SG,21,MIL,9,0,7.2,1,2.3,0.429,0.6,1.3,0.417,0.4,1,0.444,0.548,0,0,,0,0.3,0.3,0.4,0.2,0.2,0.1,0.6,2.6
Noah Vonleh\vonleno01,PF,22,POR,14,10,22.8,2.2,4,0.554,0,0,,2.2,4,0.554,0.554,0.9,1.3,0.722,2,6.1,8.1,0.6,0.4,0.6,0.7,2.4,5.4
Nikola Vucevic\vucevni01,C,27,ORL,22,22,29.8,6.9,14.2,0.482,1.5,4.3,0.362,5.3,10,0.534,0.537,1.2,1.5,0.765,1.4,7,8.4,3,1,0.9,1.8,2.4,16.5
Dwyane Wade\wadedw01,SG,36,CLE,20,3,23.5,4.3,9.9,0.429,0.3,1.1,0.286,4,8.9,0.446,0.444,2,2.7,0.736,0.8,3.2,4,4,0.9,0.9,2,2.1,10.8
Dion Waiters\waitedi01,SG,26,MIA,19,19,31.4,6,15.1,0.399,2,6.4,0.314,4,8.7,0.461,0.465,1.4,1.8,0.771,0.4,2.3,2.7,3.8,0.9,0.3,2.7,2.2,15.4
Kemba Walker\walkeke02,PG,27,CHO,19,19,35.2,7.3,16.5,0.443,2.4,6.5,0.366,4.9,10.1,0.492,0.514,5.3,6.2,0.856,0.6,3.2,3.8,6.2,0.6,0.3,2.2,1.6,22.3
John Wall\walljo01,PG,27,WAS,16,16,34.4,6.9,16,0.434,1.2,3.8,0.317,5.8,12.3,0.469,0.471,5.3,7,0.75,0.4,3,3.4,9.2,1.1,1.1,3,2.1,20.3
Taurean Waller-Prince\princta02,SF,23,ATL,20,20,31,5,11.4,0.436,1.7,4,0.43,3.3,7.4,0.439,0.511,1,1.5,0.69,1,4.1,5.1,2.5,1.3,0.6,2.5,2.4,12.6
Derrick Walton\waltode01,PG,22,MIA,4,0,3,0,0.8,0,0,0.3,0,0,0.5,0,0,0.5,0.5,1,0,0.5,0.5,0,0.3,0.3,0,0,0.5
T.J. Warren\warretj01,SF,24,PHO,23,23,30.9,7.6,15.3,0.496,0.2,1.4,0.121,7.4,13.8,0.535,0.501,3.1,4.1,0.755,2,3.8,5.8,1.2,0.8,0.9,1.3,2.3,18.4
Briante Weber\weberbr01,PG,25,HOU,3,0,4,0,0,,0,0,,0,0,,,0,0,,0,0.7,0.7,0.3,0.3,0,0.3,0.3,0
David West\westda01,C,37,GSW,20,0,11.9,2.9,4.4,0.667,0.2,0.3,0.5,2.8,4.1,0.679,0.684,0.7,0.9,0.765,0.9,2.4,3.3,1.5,0.6,1.2,1.1,1.4,6.6
Russell Westbrook\westbru01,PG,29,OKC,20,20,35.3,7.8,19.1,0.406,2,5.6,0.348,5.8,13.5,0.43,0.457,4.9,6.8,0.721,1.5,7.7,9.2,9.5,2.2,0.1,4.7,2.7,22.4
Derrick White\whitede01,PG,23,SAS,4,0,5.3,0,0.5,0,0,0,,0,0.5,0,0,0.3,1,0.25,0.5,1,1.5,0.5,0.3,0.3,0,0.3,0.3
Okaro White\whiteok01,PF,25,MIA,6,4,13.3,1.2,2.7,0.438,0.7,1.8,0.364,0.5,0.8,0.6,0.563,0.3,0.5,0.667,0.5,1.3,1.8,0.3,0.2,0.2,0.2,1,3.3
Isaiah Whitehead\whiteis01,PG,22,BRK,7,0,12.7,2.9,6.1,0.465,0.3,1.1,0.25,2.6,5,0.514,0.488,0.9,1.4,0.6,0.1,1.4,1.6,1.9,0.7,0.3,2.3,1.9,6.9
Hassan Whiteside\whiteha01,C,28,MIA,15,15,26.8,6.2,10.7,0.581,0.1,0.1,1,6.1,10.5,0.576,0.588,2.4,3.5,0.692,2.8,9.9,12.7,0.4,0.9,1.6,1.5,2.1,14.9
Andrew Wiggins\wiggian01,SF,22,MIN,22,22,36.8,7.1,15.6,0.455,1.4,4.2,0.323,5.7,11.4,0.504,0.499,3.5,5.5,0.642,1,3.1,4.1,2,1.3,0.6,1.9,1.6,19
Jacob Wiley\wileyja01,PF,23,BRK,4,0,8,0.3,1,0.25,0.3,0.5,0.5,0,0.5,0,0.375,0.3,0.5,0.5,0.5,2.3,2.8,0.5,0.3,0,0,1,1
Damien Wilkins\wilkida02,SF,38,IND,12,0,6.4,0.7,1.3,0.5,0,0.5,0,0.7,0.8,0.8,0.5,0,0,,0.3,0.4,0.8,0.5,0.2,0,0.3,0.3,1.3
C.J. Williams\willicj01,SG,27,LAC,7,0,6,0.7,1.7,0.417,0.1,0.7,0.2,0.6,1,0.571,0.458,0,0,,0,0.9,0.9,0.6,0.1,0,0.1,0.4,1.6
Lou Williams\willilo02,SG,31,LAC,19,2,28.8,6.3,13.7,0.456,2.3,5.8,0.387,4,7.9,0.507,0.538,3.8,4.3,0.901,0.5,2.2,2.7,4,1.1,0.2,2.9,1.3,18.6
Marvin Williams\willima02,PF,31,CHO,20,20,25.4,3.1,6.8,0.452,1.6,3.6,0.444,1.5,3.2,0.46,0.57,1.1,1.2,0.875,0.8,3.4,4.2,1.1,0.8,0.4,0.5,1.4,8.8
Troy Williams\willitr02,SF,23,HOU,4,0,4.3,0.5,2.3,0.222,0,1.3,0,0.5,1,0.5,0.222,0.3,0.8,0.333,0.3,0.8,1,0.3,0.3,0,0.3,0.5,1.3
D.J. Wilson\wilsodj01,PF,21,MIL,8,0,4.3,0.5,1.1,0.444,0,0.4,0,0.5,0.8,0.667,0.444,0,0,,0,0.6,0.6,0.1,0,0,0.1,0.4,1
Jamil Wilson\wilsoja02,SF,27,LAC,1,0,2,0,0,,0,0,,0,0,,,0,0,,0,1,1,0,0,0,0,0,0
Justise Winslow\winslju01,SF,21,MIA,21,13,22.9,2.7,6.4,0.422,0.4,1.3,0.333,2.3,5.1,0.444,0.456,0.7,1,0.682,1,4.5,5.5,1.7,0.8,0.3,1.1,2,6.6
Jeff Withey\witheje01,C,27,DAL,8,0,3.8,0.5,1.5,0.333,0.3,1,0.25,0.3,0.5,0.5,0.417,0.1,0.3,0.5,0,0.9,0.9,0,0,0.3,0.1,0.3,1.4
Nate Wolters\woltena01,PG,26,UTA,3,0,3,0,0.7,0,0,0,,0,0.7,0,0,0,0,,0.3,0.3,0.7,0.3,0,0,0,0.3,0
Brandan Wright\wrighbr03,PF,30,MEM,15,0,14.7,2.3,4.1,0.565,0,0,,2.3,4.1,0.565,0.565,1,1.5,0.652,1.3,2.3,3.7,0.3,0.5,1.1,0.2,1.1,5.7
Delon Wright\wrighde01,PG,25,TOR,14,0,20.9,2.4,4.6,0.523,0.6,2,0.286,1.9,2.6,0.703,0.585,2.1,2.3,0.938,0.4,2,2.4,2.6,0.9,0.4,1.8,1.4,7.6
Guerschon Yabusele\yabusgu01,PF,22,BOS,7,0,4.6,0.7,1.7,0.417,0.3,1,0.286,0.4,0.7,0.6,0.5,0.3,0.3,1,0.9,0.7,1.6,0.1,0,0.1,0.4,0.7,2
Joe Young\youngjo01,PG,25,IND,12,0,5.6,1.2,2.8,0.424,0.1,0.9,0.091,1.1,1.8,0.591,0.439,0.4,0.7,0.625,0.2,0.6,0.8,0.6,0.1,0,0.3,0.5,2.8
Nick Young\youngni01,SG,32,GSW,21,0,13.3,2.3,5.3,0.441,1.5,3.9,0.39,0.8,1.4,0.586,0.586,0.6,0.8,0.706,0.2,1.2,1.4,0.6,0.5,0.1,0.6,1,6.8
Thaddeus Young\youngth01,PF,29,IND,22,22,33.2,5.8,12,0.485,1.1,3.2,0.343,4.7,8.8,0.536,0.53,0.5,0.8,0.588,1.7,4.2,5.9,2,1.8,0.4,1.4,2.1,13.2
Cody Zeller\zelleco01,C,25,CHO,16,0,19.5,2.4,4.9,0.494,0.1,0.1,1,2.4,4.9,0.487,0.5,2.1,3.1,0.68,2.3,3.3,5.6,0.8,0.4,1,1.1,2.8,7.1
Tyler Zeller\zellety01,C,28,BRK,13,5,17.9,3.3,5.5,0.597,0.2,0.5,0.429,3.1,5,0.615,0.618,1.3,2.2,0.607,1.6,2.1,3.7,0.8,0.5,0.5,1,1.8,8.2
Paul Zipser\zipsepa01,SF,23,CHI,16,7,16.3,1.4,4.9,0.278,0.3,1.8,0.172,1.1,3.1,0.34,0.31,0.1,0.3,0.5,0.2,3.2,3.4,1.1,0.5,0.1,0.9,1.3,3.2
Ante Zizic\zizican01,C,21,CLE,8,0,3.5,0.4,0.9,0.429,0,0,,0.4,0.9,0.429,0.429,0.4,0.6,0.6,0.4,0.5,0.9,0,0,0.4,0.3,0.5,1.1
Ivica Zubac\zubaciv01,C,20,LAL,5,0,2.4,0.4,1,0.4,0,0,,0.4,1,0.4,0.4,0,0,,0.4,0.4,0.8,0,0,0,0.4,0.4,0.8